,date,ADMIN1,ADMIN2,CS_1,CS_2,CS_3,CS_4,CS_5,ML1_1,ML1_2,ML1_3,ML1_4,ML1_5,ML2_1,ML2_2,ML2_3,ML2_4,ML2_5,pop_CS,pop_ML1,pop_ML2,pop_ADMIN2
2,Aug 2020,Afar,Zone 1 (awsi rasu),156639.0,117479.0,97899.0,19580.0,0.0,156639.0,137059.0,78319.0,19580.0,0.0,139276.0,139276.0,99483.0,19897.0,0.0,391597.0,391597.0,397931.0,
3,Aug 2020,Afar,Zone 2 (kilbet rasu),172506.0,129380.0,107817.0,21563.0,0.0,150943.0,172506.0,86253.0,21563.0,0.0,109561.0,175297.0,131473.0,21912.0,0.0,431266.0,431266.0,438242.0,
4,Aug 2020,Afar,Zone 3 (gabi rasu),64856.0,83387.0,27796.0,9265.0,0.0,74122.0,74122.0,27796.0,9265.0,0.0,65905.0,65905.0,47075.0,9415.0,0.0,185304.0,185304.0,188301.0,
5,Aug 2020,Afar,Zone 4 (fantana rasu),115852.0,90107.0,38617.0,12872.0,0.0,115852.0,90107.0,51490.0,0.0,0.0,78484.0,91565.0,78484.0,13081.0,0.0,257449.0,257449.0,261614.0,
6,Aug 2020,Afar,Zone 5 (hari rasu),137469.0,96228.0,41241.0,0.0,0.0,109975.0,109975.0,41241.0,13747.0,0.0,83815.0,111754.0,69846.0,13969.0,0.0,274937.0,274937.0,279384.0,
8,Aug 2020,Amhara,North shewa,1329353.0,379815.0,189908.0,0.0,0.0,1614215.0,189908.0,94954.0,0.0,0.0,1246372.0,479374.0,191750.0,0.0,0.0,1899076.0,1899076.0,1917496.0,
9,Aug 2020,Amhara,North wello,666495.0,518385.0,222165.0,74055.0,0.0,1258936.0,148110.0,74055.0,0.0,0.0,1046827.0,299093.0,149547.0,0.0,0.0,1481101.0,1481101.0,1495467.0,
10,Aug 2020,Amhara,South wello,1487302.0,811256.0,270419.0,135209.0,0.0,2298558.0,270419.0,135209.0,0.0,0.0,2047811.0,409562.0,273042.0,0.0,0.0,2704186.0,2704186.0,2730415.0,
12,Aug 2020,Oromia,Arsi,1562425.0,1093698.0,468728.0,0.0,0.0,1718668.0,1093698.0,312485.0,0.0,0.0,1436494.0,1117273.0,638442.0,0.0,0.0,3124850.0,3124850.0,3192209.0,
13,Aug 2020,Oromia,Bale,641808.0,481356.0,401130.0,80226.0,0.0,561582.0,561582.0,401130.0,80226.0,0.0,409777.0,491732.0,573688.0,163911.0,0.0,1604521.0,1604521.0,1639108.0,
14,Aug 2020,Oromia,Borena,193594.0,145196.0,120996.0,24199.0,0.0,193594.0,169395.0,96797.0,24199.0,0.0,98884.0,123605.0,197767.0,74163.0,0.0,483985.0,483985.0,494418.0,
15,Aug 2020,Oromia,East hararge,1511603.0,1007735.0,671823.0,167956.0,0.0,1847514.0,839779.0,671823.0,0.0,0.0,1372610.0,1029458.0,857881.0,171576.0,0.0,3359117.0,3359117.0,3431525.0,
16,Aug 2020,Oromia,East shewa,676312.0,473418.0,202893.0,0.0,0.0,743943.0,473418.0,135262.0,0.0,0.0,621801.0,483623.0,207267.0,69089.0,0.0,1352623.0,1352623.0,1381780.0,
17,Aug 2020,Oromia,Guji,575712.0,383808.0,255872.0,63968.0,0.0,703649.0,319840.0,255872.0,0.0,0.0,522775.0,326735.0,392081.0,65347.0,0.0,1279361.0,1279361.0,1306938.0,
18,Aug 2020,Oromia,West arsi,1048219.0,815281.0,465875.0,0.0,0.0,1164688.0,931750.0,232938.0,0.0,0.0,1070814.0,832855.0,475917.0,0.0,0.0,2329375.0,2329375.0,2379586.0,
19,Aug 2020,Oromia,West guji,502040.0,278911.0,223129.0,111565.0,0.0,502040.0,334694.0,223129.0,55782.0,0.0,227939.0,341908.0,398893.0,170954.0,0.0,1115645.0,1115645.0,1139694.0,
20,Aug 2020,Oromia,West hararge,800858.0,915266.0,457633.0,114408.0,0.0,800858.0,1029674.0,457633.0,0.0,0.0,701246.0,818121.0,584372.0,233749.0,0.0,2288165.0,2288165.0,2337488.0,
22,Aug 2020,SNNP,Dawuro,304151.0,126730.0,50692.0,25346.0,0.0,329497.0,101384.0,50692.0,25346.0,0.0,283817.0,129008.0,77405.0,25802.0,0.0,506918.0,506918.0,516030.0,
23,Aug 2020,SNNP,Gamo,575244.0,313770.0,104590.0,52295.0,0.0,627539.0,313770.0,104590.0,0.0,0.0,479115.0,372645.0,159705.0,53235.0,0.0,1045899.0,1045899.0,1064700.0,
24,Aug 2020,SNNP,Gedeo,356742.0,237828.0,158552.0,39638.0,0.0,317104.0,317104.0,118914.0,39638.0,0.0,322804.0,242103.0,161402.0,80701.0,0.0,792761.0,792761.0,807011.0,
25,Aug 2020,SNNP,Gofa,273461.0,136731.0,45577.0,0.0,0.0,296250.0,113942.0,45577.0,0.0,0.0,231981.0,162387.0,69594.0,0.0,0.0,455769.0,455769.0,463962.0,
26,Aug 2020,SNNP,Hadiya,647913.0,388748.0,194374.0,64791.0,0.0,647913.0,518330.0,129583.0,0.0,0.0,527648.0,461692.0,263824.0,65956.0,0.0,1295826.0,1295826.0,1319119.0,
27,Aug 2020,SNNP,Kembata Tembaro,251444.0,282874.0,94291.0,0.0,0.0,251444.0,251444.0,94291.0,31430.0,0.0,255963.0,223968.0,127982.0,31995.0,0.0,628609.0,628609.0,639908.0,
28,Aug 2020,SNNP,Segen,256750.0,224656.0,128375.0,32094.0,0.0,224656.0,256750.0,128375.0,32094.0,0.0,228694.0,228694.0,163353.0,32671.0,0.0,641874.0,641874.0,653412.0,
29,Aug 2020,SNNP,South omo,273724.0,182483.0,121655.0,30414.0,0.0,243310.0,212896.0,121655.0,30414.0,0.0,185762.0,247683.0,154802.0,30960.0,0.0,608275.0,608275.0,619208.0,
30,Aug 2020,SNNP,Wolayita,642781.0,499941.0,214260.0,71420.0,0.0,642781.0,357101.0,285681.0,142840.0,0.0,727040.0,363520.0,290816.0,72704.0,0.0,1428403.0,1428403.0,1454079.0,
32,Aug 2020,Sidama,Sidama,2065645.0,635583.0,476687.0,0.0,0.0,1906749.0,794479.0,476687.0,0.0,0.0,1617520.0,808760.0,647008.0,161752.0,0.0,3177915.0,3177915.0,3235039.0,
34,Aug 2020,Somali,Afder,147642.0,177170.0,236226.0,29528.0,0.0,177170.0,206698.0,177170.0,29528.0,0.0,121170.0,242340.0,212047.0,30292.0,0.0,590566.0,590566.0,605849.0,
35,Aug 2020,Somali,Daawa,144294.0,185521.0,61840.0,20613.0,0.0,164908.0,164908.0,61840.0,20613.0,0.0,126881.0,126881.0,105735.0,63441.0,0.0,412269.0,412269.0,422938.0,
36,Aug 2020,Somali,Doolo,192018.0,115211.0,57605.0,19202.0,0.0,211219.0,96009.0,57605.0,19202.0,0.0,157590.0,98494.0,98494.0,39397.0,0.0,384035.0,384035.0,393974.0,
37,Aug 2020,Somali,Erer,68046.0,108874.0,81655.0,13609.0,0.0,68046.0,136092.0,54437.0,13609.0,0.0,55846.0,97730.0,83768.0,41884.0,0.0,272184.0,272184.0,279228.0,
38,Aug 2020,Somali,Fafan,424342.0,377193.0,94298.0,47149.0,0.0,424342.0,377193.0,94298.0,47149.0,0.0,338585.0,338585.0,193477.0,96739.0,0.0,942983.0,942983.0,967385.0,
39,Aug 2020,Somali,Jarar,217538.0,190346.0,108769.0,27192.0,0.0,217538.0,190346.0,108769.0,27192.0,0.0,167376.0,195272.0,139480.0,55792.0,0.0,543845.0,543845.0,557919.0,
40,Aug 2020,Somali,Korahe,256941.0,85647.0,64235.0,21412.0,0.0,235529.0,107059.0,64235.0,21412.0,0.0,131795.0,153761.0,109829.0,43932.0,0.0,428235.0,428235.0,439317.0,
41,Aug 2020,Somali,Liban,91122.0,205025.0,113903.0,45561.0,0.0,91122.0,205025.0,113903.0,45561.0,0.0,93481.0,163591.0,140221.0,70110.0,0.0,455612.0,455612.0,467403.0,
42,Aug 2020,Somali,Nogob,58181.0,66492.0,33246.0,8312.0,0.0,58181.0,74804.0,24935.0,8312.0,0.0,42633.0,59687.0,51160.0,17053.0,0.0,166231.0,166231.0,170533.0,
43,Aug 2020,Somali,Shabelle,132527.0,212043.0,185537.0,0.0,0.0,159032.0,265054.0,79516.0,26505.0,0.0,135956.0,190339.0,163148.0,54383.0,0.0,530107.0,530107.0,543825.0,
44,Aug 2020,Somali,Siti,174298.0,232398.0,116199.0,58099.0,0.0,232398.0,261447.0,58099.0,29050.0,0.0,178809.0,268213.0,119206.0,29801.0,0.0,580994.0,580994.0,596029.0,
46,Aug 2020,Tigray,Southern,316993.0,201723.0,57635.0,0.0,0.0,374628.0,172905.0,28818.0,0.0,0.0,261136.0,261136.0,58030.0,0.0,0.0,576351.0,576351.0,580303.0,
50,Sep 2019,Afar,AAP - Assale Agropastoral Livelihood Zone,29674.0,33913.0,21196.0,0.0,0.0,29674.0,33913.0,21196.0,0.0,0.0,34428.0,34428.0,17214.0,0.0,0.0,84784.0,84784.0,86072.0,
51,Sep 2019,Afar,AGA - Awsa Gewane Agropastoral Livelihood Zone,43300.0,27554.0,7872.0,0.0,0.0,39364.0,27554.0,11809.0,0.0,0.0,43958.0,31969.0,3996.0,0.0,0.0,78728.0,78728.0,79924.0,
52,Sep 2019,Afar,ARP - Aramis-Adar Pastoral Livelihood Zone,239969.0,143981.0,71990.0,23996.0,0.0,167978.0,191975.0,71990.0,47993.0,0.0,194891.0,194891.0,73084.0,24361.0,0.0,479938.0,479938.0,487229.0,
53,Sep 2019,Afar,ASP - Asale Pastoral Livelihood Zone,78425.0,89628.0,44814.0,11203.0,0.0,67221.0,89628.0,56018.0,11203.0,0.0,90990.0,90990.0,45495.0,0.0,0.0,224072.0,224072.0,227476.0,
54,Sep 2019,Afar,CNO Cheno Livelihood Zone,11377.0,10113.0,3792.0,0.0,0.0,8849.0,10113.0,5056.0,1264.0,0.0,10267.0,11550.0,3850.0,0.0,0.0,25284.0,25284.0,25668.0,
55,Sep 2019,Afar,ELP - Eli-Daar Pastoral Livelihood Zone,59954.0,39969.0,33308.0,0.0,0.0,46631.0,39969.0,46631.0,0.0,0.0,47339.0,47339.0,40576.0,0.0,0.0,133232.0,133232.0,135256.0,
56,Sep 2019,Afar,NMP - Namalefane Baadu Pastoral Livelihood Zone,17562.0,35124.0,30734.0,4390.0,0.0,13171.0,30734.0,39515.0,4390.0,0.0,22286.0,35658.0,31201.0,0.0,0.0,87812.0,87812.0,89146.0,
57,Sep 2019,Afar,TER - Teru Pastoral Livelihood Zone,139893.0,139893.0,99924.0,19984.0,0.0,99924.0,139893.0,119908.0,39969.0,0.0,142018.0,162307.0,81153.0,20288.0,0.0,399696.0,399696.0,405768.0,
59,Sep 2019,Amhara,ABB - Abay-Beshilo Basin Livelihood Zone,477010.0,159003.0,119252.0,39750.0,0.0,556512.0,159003.0,79501.0,0.0,0.0,480450.0,160150.0,120112.0,40037.0,0.0,795018.0,795018.0,800750.0,
60,Sep 2019,Amhara,East belesa,39834.0,24896.0,24896.0,9958.0,0.0,49793.0,24896.0,19917.0,4979.0,0.0,45136.0,25076.0,25076.0,5015.0,0.0,99586.0,99586.0,100304.0,
61,Sep 2019,Amhara,Ebenat,85595.0,73367.0,61139.0,24455.0,0.0,134507.0,73367.0,24455.0,12227.0,0.0,98528.0,73896.0,49264.0,24632.0,0.0,244559.0,244559.0,246322.0,
62,Sep 2019,Amhara,Enarj enawga,90345.0,36138.0,45172.0,9034.0,0.0,99379.0,63241.0,18069.0,0.0,0.0,90996.0,63697.0,27298.0,0.0,0.0,180690.0,180690.0,181993.0,
63,Sep 2019,Amhara,Enebse sarmder,71440.0,28576.0,35720.0,7144.0,0.0,78584.0,50008.0,14288.0,0.0,0.0,71955.0,50368.0,21586.0,0.0,0.0,142880.0,142880.0,143910.0,
64,Sep 2019,Amhara,Janamora,47788.0,57345.0,57345.0,28672.0,0.0,95576.0,66903.0,19115.0,9557.0,0.0,57759.0,67385.0,48132.0,19253.0,0.0,191152.0,191152.0,192530.0,
65,Sep 2019,Amhara,NHB - North Wollo Highland Belg Livelihood Zone,38325.0,26827.0,7665.0,3832.0,0.0,38325.0,26827.0,7665.0,3832.0,0.0,23160.0,27021.0,19300.0,7720.0,0.0,76651.0,76651.0,77203.0,
66,Sep 2019,Amhara,"NSS - North Shewa Highland Sheep, Wheat and Barley LZ",190776.0,190776.0,71541.0,23847.0,0.0,190776.0,190776.0,71541.0,23847.0,0.0,144113.0,168132.0,120094.0,48037.0,0.0,476940.0,476940.0,480378.0,
67,Sep 2019,Amhara,NWE - North Wollo East Plain Livelihood Zone,327038.0,100627.0,50313.0,25156.0,0.0,327038.0,100627.0,50313.0,25156.0,0.0,253381.0,126690.0,101352.0,25338.0,0.0,503136.0,503136.0,506763.0,
68,Sep 2019,Amhara,SWB - South Wollo Belg Livelihood Zone,243102.0,101292.0,40517.0,20258.0,0.0,202585.0,141809.0,40517.0,20258.0,0.0,163236.0,142832.0,61213.0,40809.0,0.0,405171.0,405171.0,408092.0,
69,Sep 2019,Amhara,Sekota,52824.0,19809.0,39618.0,19809.0,0.0,66030.0,46221.0,19809.0,0.0,0.0,53204.0,46554.0,33253.0,0.0,0.0,132060.0,132060.0,133012.0,
70,Sep 2019,Amhara,Telemt,13450.0,16813.0,26901.0,10088.0,0.0,20176.0,26901.0,16813.0,3362.0,0.0,10160.0,20321.0,27095.0,10160.0,0.0,67254.0,67254.0,67739.0,
71,Sep 2019,Amhara,WMB - South Wollo Meher & Belg Livelihood Zone,85700.0,35708.0,14283.0,7141.0,0.0,85700.0,35708.0,14283.0,7141.0,0.0,86318.0,28772.0,21579.0,7193.0,0.0,142834.0,142834.0,143864.0,
73,Sep 2019,Oromia,"Afc-Agarfa, Gasera, Ginir & Gololcha Fruit, Coffee & Ch",26399.0,47519.0,21119.0,10559.0,0.0,26399.0,47519.0,21119.0,10559.0,0.0,26902.0,43044.0,21522.0,16141.0,0.0,105599.0,105599.0,107611.0,
74,Sep 2019,Oromia,"Arsi-Bale Wheat, Barley and Potato Livelihood Zone (ABW",902819.0,1625074.0,722255.0,361127.0,0.0,902819.0,1625074.0,722255.0,361127.0,0.0,920020.0,1288028.0,920020.0,552012.0,0.0,3611276.0,3611276.0,3680080.0,
75,Sep 2019,Oromia,Asa-Abijata Shala Jido Agro-pastoral Livelihood Zone,42284.0,56379.0,28189.0,14094.0,0.0,42284.0,56379.0,28189.0,14094.0,0.0,43090.0,50271.0,28726.0,21545.0,0.0,140948.0,140948.0,143634.0,
76,Sep 2019,Oromia,"Bgc-Borena-Guji Maize, Wheat and Livestock Livelihood Z",38728.0,87138.0,58092.0,9682.0,0.0,38728.0,87138.0,58092.0,9682.0,0.0,49332.0,88798.0,49332.0,9866.0,0.0,193640.0,193640.0,197329.0,
77,Sep 2019,Oromia,"Bge-Guji Coffee, Enset & Cattle Livelihood Zone",373241.0,373241.0,266601.0,53320.0,0.0,373241.0,373241.0,266601.0,53320.0,0.0,326016.0,434688.0,271680.0,54336.0,0.0,1066404.0,1066404.0,1086722.0,
78,Sep 2019,Oromia,Bgp-Borena-Guji Cattle Pastoralist Livelihood Zone,202962.0,177592.0,101481.0,25370.0,0.0,202962.0,202962.0,76110.0,25370.0,0.0,155121.0,206829.0,129268.0,25853.0,0.0,507406.0,507406.0,517073.0,
79,Sep 2019,Oromia,Blp-Bale Agro-pastoral Livelihood Zone,69165.0,92220.0,46110.0,23055.0,0.0,69165.0,92220.0,46110.0,23055.0,0.0,70483.0,105724.0,46988.0,11747.0,0.0,230552.0,230552.0,234944.0,
80,Sep 2019,Oromia,Bpa-Bale Pastoral Livelihood,98947.0,74210.0,61842.0,12368.0,0.0,111316.0,86579.0,49473.0,0.0,0.0,100832.0,88228.0,63020.0,0.0,0.0,247369.0,247369.0,252082.0,
81,Sep 2019,Oromia,"Cgc-Charcher/Gololcha Coffee, Chat & Maize",281686.0,321927.0,160963.0,40240.0,0.0,362168.0,281686.0,160963.0,0.0,0.0,287053.0,287053.0,205038.0,41007.0,0.0,804819.0,804819.0,820153.0,
82,Sep 2019,Oromia,"Dbc-Dallo, Barbare and Arana-Buluk Coffee Livelihood Zo",47587.0,71381.0,31725.0,7931.0,0.0,55519.0,63450.0,39656.0,0.0,0.0,48494.0,72741.0,32329.0,8082.0,0.0,158626.0,158626.0,161648.0,
83,Sep 2019,Oromia,"Gbc-Guji Enset, Barley and Cattle Livelihood",163038.0,97822.0,48911.0,16303.0,0.0,163038.0,97822.0,48911.0,16303.0,0.0,166144.0,99686.0,49843.0,16614.0,0.0,326076.0,326076.0,332289.0,
84,Sep 2019,Oromia,"Gsw-Goro–Ginir Teff, Wheat & Spices",18630.0,10161.0,5080.0,0.0,0.0,18630.0,11855.0,3387.0,0.0,0.0,18985.0,10355.0,5177.0,0.0,0.0,33873.0,33873.0,34519.0,
85,Sep 2019,Oromia,Mcb-Moyale Agro-Pastoral Labor and Cross-Border Trade,8527.0,11370.0,7106.0,1421.0,0.0,11370.0,9949.0,7106.0,0.0,0.0,8690.0,10138.0,8690.0,1448.0,0.0,28426.0,28426.0,28968.0,
86,Sep 2019,Oromia,"Mcp-Moyale Cattle, Shoats and Camel Pastoralist",765.0,2677.0,3442.0,765.0,0.0,1147.0,2677.0,3442.0,382.0,0.0,1169.0,2728.0,3118.0,779.0,0.0,7650.0,7650.0,7796.0,
87,Sep 2019,Oromia,Mip-Market Isolated Pastoralist,13884.0,16198.0,11570.0,4628.0,0.0,13884.0,16198.0,9256.0,6942.0,0.0,14148.0,14148.0,11790.0,7074.0,0.0,46281.0,46281.0,47162.0,
88,Sep 2019,Oromia,Nap-North-East Agro-Pastoral,69510.0,125118.0,55608.0,27804.0,0.0,55608.0,125118.0,55608.0,41706.0,0.0,56667.0,113335.0,70834.0,42500.0,0.0,278041.0,278041.0,283338.0,
89,Sep 2019,Oromia,Oap-Borena Agro-Pastoral Livelihood,115059.0,161083.0,115059.0,69035.0,0.0,138071.0,184095.0,92047.0,46023.0,0.0,117251.0,164152.0,117251.0,70350.0,0.0,460238.0,460238.0,469006.0,
90,Sep 2019,Oromia,Skv-Siraro-Kofele Potato and Vegetable,25558.0,46004.0,25558.0,5111.0,0.0,30669.0,40892.0,25558.0,5111.0,0.0,26045.0,41672.0,26045.0,10418.0,0.0,102232.0,102232.0,104180.0,
91,Sep 2019,Oromia,"Smc-Sorghum, Maize & Chat",617653.0,988245.0,494122.0,370592.0,0.0,617653.0,1111776.0,494122.0,247061.0,0.0,503537.0,1007074.0,629421.0,377652.0,0.0,2470614.0,2470614.0,2517685.0,
92,Sep 2019,Oromia,Wbp- Wheat Barely and Potato,169388.0,304899.0,169388.0,33877.0,0.0,169388.0,304899.0,169388.0,33877.0,0.0,172616.0,310708.0,172616.0,34523.0,0.0,677555.0,677555.0,690464.0,
94,Sep 2019,SNNP,AMP Alaba-Mareko Lowland Pepper LZ,186263.0,124175.0,82783.0,20695.0,0.0,165567.0,165567.0,82783.0,0.0,0.0,147465.0,147465.0,84265.0,42132.0,0.0,413919.0,413919.0,421329.0,
95,Sep 2019,SNNP,Abm-Alaba-Badewacho-Maize Livelihood,96796.0,48398.0,38718.0,9679.0,0.0,116155.0,48398.0,29038.0,0.0,0.0,88676.0,59117.0,39411.0,9852.0,0.0,193592.0,193592.0,197058.0,
96,Sep 2019,SNNP,BAM Badewacho-Alaba Maize LZ,53581.0,32148.0,21432.0,0.0,0.0,69655.0,26790.0,10716.0,0.0,0.0,54540.0,21816.0,27270.0,5454.0,0.0,107162.0,107162.0,109080.0,
97,Sep 2019,SNNP,Boricha,103673.0,162914.0,29620.0,0.0,0.0,103673.0,162914.0,29620.0,0.0,0.0,90453.0,165831.0,45226.0,0.0,0.0,296209.0,296209.0,301512.0,
98,Sep 2019,SNNP,DMR Dawro-Konta Maize and Root Crop LZ,100962.0,88341.0,50481.0,12620.0,0.0,138822.0,75721.0,37860.0,0.0,0.0,89923.0,89923.0,64230.0,12846.0,0.0,252405.0,252405.0,256923.0,
99,Sep 2019,SNNP,GCO Gedeo Coffee LZ,179460.0,112163.0,89730.0,67297.0,0.0,201893.0,134595.0,67297.0,44865.0,0.0,182673.0,159839.0,68502.0,45668.0,0.0,448652.0,448652.0,456684.0,
100,Sep 2019,SNNP,GGE Gamo Gofa Enset and Barley LZ,185847.0,92923.0,30974.0,0.0,0.0,201334.0,92923.0,15487.0,0.0,0.0,141880.0,110351.0,47293.0,15764.0,0.0,309746.0,309746.0,315291.0,
101,Sep 2019,SNNP,GMR Gamo Gofa Maize and Root Crop LZ,331723.0,199033.0,99516.0,33172.0,0.0,364895.0,232206.0,66344.0,0.0,0.0,270129.0,236363.0,135064.0,33766.0,0.0,663446.0,663446.0,675323.0,
102,Sep 2019,SNNP,HGZ Hadero Ginger LZ,42387.0,25432.0,16954.0,0.0,0.0,50864.0,21193.0,12716.0,0.0,0.0,38830.0,25887.0,21572.0,0.0,0.0,84774.0,84774.0,86291.0,
103,Sep 2019,SNNP,HMC/IBA - Chamo-Abaya Irrigated Banana,67799.0,40679.0,20339.0,6779.0,0.0,88138.0,33899.0,13559.0,0.0,0.0,69012.0,34506.0,27605.0,6901.0,0.0,135598.0,135598.0,138025.0,
104,Sep 2019,SNNP,HWE Hadiya-Kembata Cereal and Enset LZ – Hadiya sub zon,57042.0,20742.0,20742.0,5185.0,0.0,67414.0,20742.0,15557.0,0.0,0.0,52785.0,26392.0,21114.0,5278.0,0.0,103714.0,103714.0,105571.0,
105,Sep 2019,SNNP,KBC Kedida-Badewacho Coffee LZ,55446.0,40324.0,5040.0,0.0,0.0,70567.0,25202.0,5040.0,0.0,0.0,66700.0,25654.0,10261.0,0.0,0.0,100811.0,100811.0,102616.0,
106,Sep 2019,SNNP,KCE Hadiya-Kembata Cereal and Enset LZ – Kembata sub-zo,107335.0,41283.0,16513.0,0.0,0.0,123849.0,33026.0,8256.0,0.0,0.0,100852.0,42022.0,25213.0,0.0,0.0,165132.0,165132.0,168088.0,
107,Sep 2019,SNNP,Loka abaya,78805.0,24247.0,18185.0,0.0,0.0,84867.0,30309.0,6061.0,0.0,0.0,74046.0,30852.0,18511.0,0.0,0.0,121239.0,121239.0,123410.0,
108,Sep 2019,SNNP,SBW,169782.0,36381.0,36381.0,0.0,0.0,194036.0,24254.0,24254.0,0.0,0.0,185166.0,37033.0,24688.0,0.0,0.0,242546.0,242546.0,246888.0,
109,Sep 2019,SNNP,SCO Sidama Coffee LZ,322508.0,86002.0,21500.0,0.0,0.0,344008.0,64501.0,21500.0,0.0,0.0,306396.0,87541.0,43770.0,0.0,0.0,430011.0,430011.0,437709.0,
110,Sep 2019,SNNP,SMB Sidama Maize Belt LZ,274152.0,84354.0,63265.0,0.0,0.0,316329.0,63265.0,42177.0,0.0,0.0,300526.0,85864.0,42932.0,0.0,0.0,421773.0,421773.0,429324.0,
111,Sep 2019,SNNP,SOC South Omo Crop LZ,33324.0,8886.0,2221.0,0.0,0.0,37768.0,4443.0,2221.0,0.0,0.0,31660.0,6784.0,4522.0,2261.0,0.0,44433.0,44433.0,45229.0,
112,Sep 2019,SNNP,SOP South Omo Pastoral LZ,33186.0,19911.0,13274.0,0.0,0.0,19911.0,26548.0,19911.0,0.0,0.0,33780.0,23646.0,10134.0,0.0,0.0,66372.0,66372.0,67560.0,
113,Sep 2019,SNNP,WCG Wolayita Ginger and Coffee LZ,37088.0,55632.0,24725.0,6181.0,0.0,61814.0,43269.0,12362.0,6181.0,0.0,44044.0,56628.0,18876.0,6292.0,0.0,123628.0,123628.0,125841.0,
114,Sep 2019,SNNP,WMR Wolayita Maize and Root Crop LZ,282956.0,188637.0,125758.0,31439.0,0.0,220077.0,282956.0,94318.0,31439.0,0.0,192015.0,256020.0,128010.0,64005.0,0.0,628793.0,628793.0,640050.0,
115,Sep 2019,SNNP,WWB Wolayita Barley and Wheat LZ,98687.0,98687.0,37007.0,12335.0,0.0,98687.0,111023.0,37007.0,0.0,0.0,87897.0,100454.0,50227.0,12556.0,0.0,246718.0,246718.0,251135.0,
117,Sep 2019,Somali,AFP - Afder Pastoral Livelihood Zone,125384.0,200615.0,150461.0,25076.0,0.0,150461.0,200615.0,150461.0,0.0,0.0,179690.0,179690.0,128350.0,25670.0,0.0,501539.0,501539.0,513401.0,
118,Sep 2019,Somali,DAP - Degahbur Agropastoral Livelihood Zone,49295.0,78872.0,59154.0,9859.0,0.0,69013.0,78872.0,49295.0,0.0,0.0,60553.0,70645.0,70645.0,0.0,0.0,197180.0,197180.0,201844.0,
119,Sep 2019,Somali,DGR - Dawa- Ganale Riverine Livelihood Zone,36750.0,73501.0,55126.0,18375.0,0.0,55126.0,73501.0,45938.0,9187.0,0.0,56430.0,75240.0,47025.0,9405.0,0.0,183754.0,183754.0,188100.0,
120,Sep 2019,Somali,FDP - Filtu Dolo Pastoral,52825.0,61629.0,52825.0,8804.0,0.0,52825.0,70433.0,52825.0,0.0,0.0,63087.0,54074.0,63087.0,0.0,0.0,176084.0,176084.0,180249.0,
121,Sep 2019,Somali,FKP - Fik Pastoral  Livelihood Zone March,100290.0,117005.0,100290.0,16715.0,0.0,117005.0,117005.0,83575.0,16715.0,0.0,85552.0,136883.0,102662.0,17110.0,0.0,334302.0,334302.0,342209.0,
122,Sep 2019,Somali,GAP - Gode Agropastoral Livelihood Zone,43282.0,50496.0,43282.0,7213.0,0.0,36069.0,57710.0,50496.0,0.0,0.0,36922.0,59075.0,44306.0,7384.0,0.0,144276.0,144276.0,147688.0,
123,Sep 2019,Somali,HDP - Harshin Degahbur Pastoral Livelihood Zone,161721.0,184824.0,115515.0,0.0,0.0,207927.0,161721.0,92412.0,0.0,0.0,141897.0,189196.0,141897.0,0.0,0.0,462060.0,462060.0,472990.0,
124,Sep 2019,Somali,JAP - Jijiga Agropastoral Livelihood Zone,212274.0,212274.0,181949.0,0.0,0.0,242599.0,242599.0,121299.0,0.0,0.0,217295.0,248337.0,155210.0,0.0,0.0,606498.0,606498.0,620843.0,
125,Sep 2019,Somali,JSF - Jijiga Sedentary Farming  Livelihood Zone,70161.0,140323.0,122782.0,17540.0,0.0,105242.0,122782.0,105242.0,17540.0,0.0,89776.0,143642.0,125687.0,0.0,0.0,350808.0,350808.0,359106.0,
126,Sep 2019,Somali,KAP - Korahe Agropastoral Livelihood Zone,27584.0,38617.0,33100.0,11033.0,0.0,33100.0,44134.0,27584.0,5516.0,0.0,33883.0,39531.0,33883.0,5647.0,0.0,110336.0,110336.0,112946.0,
127,Sep 2019,Somali,KGP - Korahe Gode Pastoral Livelihood Zone,79327.0,79327.0,92548.0,13221.0,0.0,92548.0,79327.0,79327.0,13221.0,0.0,94737.0,81203.0,81203.0,13533.0,0.0,264425.0,264425.0,270679.0,
128,Sep 2019,Somali,LAP - Liban Agropastoral Livelihood Zone,22272.0,44544.0,33408.0,11136.0,0.0,33408.0,44544.0,27840.0,5568.0,0.0,34198.0,45597.0,28498.0,5699.0,0.0,111360.0,111360.0,113994.0,
129,Sep 2019,Somali,LHP - Lowland Hawd Pastoral Livelihood Zone,135948.0,217518.0,163138.0,27189.0,0.0,190328.0,190328.0,135948.0,27189.0,0.0,194829.0,222662.0,111331.0,27832.0,0.0,543795.0,543795.0,556657.0,
130,Sep 2019,Somali,MWP - Moyale Woyamo Pastoral Livelihood Zone,73233.0,146467.0,109850.0,36616.0,0.0,109850.0,146467.0,91542.0,18308.0,0.0,112448.0,149931.0,93707.0,18741.0,0.0,366168.0,366168.0,374829.0,
131,Sep 2019,Somali,SAP - Shinile Agropastoral Livelihood Zone,34848.0,40656.0,34848.0,5808.0,0.0,29040.0,46464.0,40656.0,0.0,0.0,41618.0,41618.0,35673.0,0.0,0.0,116162.0,116162.0,118910.0,
132,Sep 2019,Somali,SHP - Shinile Pastoral  Livelihood Zone,168708.0,126531.0,105442.0,21088.0,0.0,147619.0,147619.0,126531.0,0.0,0.0,172698.0,151111.0,107936.0,0.0,0.0,421770.0,421770.0,431746.0,
133,Sep 2019,Somali,SHR - Shabelle Riverine Livelihood Zone,80244.0,93619.0,80244.0,13374.0,0.0,66870.0,93619.0,93619.0,13374.0,0.0,109524.0,82143.0,82143.0,0.0,0.0,267483.0,267483.0,273810.0,
135,Sep 2019,Tigray,AoH - Alaje-Ofla Highland Livelihood Zone,133821.0,89214.0,74345.0,0.0,0.0,193298.0,74345.0,29738.0,0.0,0.0,209289.0,74746.0,14949.0,0.0,0.0,297382.0,297382.0,298985.0,
136,Sep 2019,Tigray,EDM - Enderta Dry Midland Livelihood Zone,212440.0,84976.0,127464.0,0.0,0.0,212440.0,169952.0,42488.0,0.0,0.0,213585.0,149509.0,64075.0,0.0,0.0,424880.0,424880.0,427170.0,
137,Sep 2019,Tigray,Erob,13113.0,6556.0,5245.0,1311.0,0.0,14424.0,6556.0,3933.0,1311.0,0.0,15820.0,7910.0,1318.0,1318.0,0.0,26226.0,26226.0,26367.0,
138,Sep 2019,Tigray,Mereb lehe,55683.0,22273.0,27841.0,5568.0,0.0,66820.0,27841.0,16705.0,0.0,0.0,61581.0,22393.0,27991.0,0.0,0.0,111367.0,111367.0,111967.0,
139,Sep 2019,Tigray,RVL - Raya Valley Livelihood Zone,93317.0,81652.0,46658.0,11664.0,0.0,93317.0,104982.0,34994.0,0.0,0.0,117275.0,70365.0,46910.0,0.0,0.0,233294.0,233294.0,234551.0,
140,Sep 2019,Tigray,Saesie Tsaedamba,67459.0,40475.0,26983.0,0.0,0.0,60713.0,53967.0,20237.0,0.0,0.0,40693.0,47475.0,40693.0,6782.0,0.0,134918.0,134918.0,135645.0,
141,Sep 2019,Tigray,TSC - Tsirare Catchment Livelihood Zone,50079.0,37559.0,31299.0,6259.0,0.0,62599.0,37559.0,18779.0,6259.0,0.0,56643.0,44055.0,25174.0,0.0,0.0,125199.0,125199.0,125874.0,
142,Sep 2019,Tigray,Tselemti,58414.0,51112.0,29207.0,7301.0,0.0,87621.0,36509.0,14603.0,7301.0,0.0,88093.0,29364.0,29364.0,0.0,0.0,146036.0,146036.0,146823.0,
