,date,ADMIN1,Total,adjusted_population,CS_1,CS_2,CS_3,CS_4,CS_5,ML1_1,ML1_2,ML1_3,ML1_4,ML1_5,ML2_1,ML2_2,ML2_3,ML2_4,ML2_5,pop_CS,pop_ML1,pop_ML2
0,2009-07-01,Addis Ababa,3585647.0,2726821.0,0.0,0.0,0.0,0.0,0.0,0.0,0.0,0.0,0.0,0.0,0.0,0.0,0.0,0.0,0.0,0.0,0.0,0.0
1,2009-07-01,Afar,1904414.0,1448271.0,0.0,213967.0,1234304.0,0.0,0.0,0.0,213967.0,1234304.0,0.0,0.0,0.0,373213.0,1075058.0,0.0,0.0,1448271.0,1448271.0,1448271.0
2,2009-07-01,Amhara,15442053.0,11743406.0,7849971.0,1743855.0,2149580.0,0.0,0.0,7849971.0,1743855.0,2149580.0,0.0,0.0,5928260.0,5815146.0,0.0,0.0,0.0,11743406.0,11743406.0,11743406.0
3,2009-07-01,Benshangul Gumuz,,,,0.0,0.0,0.0,0.0,,0.0,0.0,0.0,0.0,,0.0,0.0,0.0,0.0,0.0,0.0,0.0
4,2009-07-01,Dire Dawa,508918.0,387022.0,0.0,387022.0,0.0,0.0,0.0,0.0,387022.0,0.0,0.0,0.0,0.0,387022.0,0.0,0.0,0.0,387022.0,387022.0,387022.0
5,2009-07-01,Gambela,462832.0,351974.0,62068.0,289906.0,0.0,0.0,0.0,62068.0,0.0,289906.0,0.0,0.0,62068.0,289906.0,0.0,0.0,0.0,351974.0,351974.0,351974.0
6,2009-07-01,Harari,260022.0,197742.0,0.0,197742.0,0.0,0.0,0.0,0.0,197742.0,0.0,0.0,0.0,0.0,197742.0,0.0,0.0,0.0,197742.0,197742.0,197742.0
7,2009-07-01,Oromia,31355106.0,23845001.0,10133628.0,2109503.0,11601870.0,0.0,0.0,10133628.0,2109503.0,11601870.0,0.0,0.0,8434392.0,13975200.0,1435409.0,0.0,0.0,23845001.0,23845001.0,23845001.0
8,2009-07-01,SNNPR,17075128.0,12985330.0,1067161.0,948721.0,10969448.0,0.0,0.0,1526184.0,489698.0,10969448.0,0.0,0.0,1526184.0,10024902.0,1434244.0,0.0,0.0,12985330.0,12985330.0,12985330.0
9,2009-07-01,Somali,5490380.0,4175334.0,0.0,0.0,2317142.0,1858192.0,0.0,0.0,0.0,1819157.0,2356177.0,0.0,0.0,1434969.0,882173.0,1858192.0,0.0,4175334.0,4175334.0,4175334.0
10,2009-07-01,Tigray,4410666.0,3354232.0,335032.0,1732163.0,1287037.0,0.0,0.0,335032.0,1732163.0,1287037.0,0.0,0.0,335032.0,3019200.0,0.0,0.0,0.0,3354232.0,3354232.0,3354232.0
11,2009-10-01,Addis Ababa,3585647.0,2726821.0,0.0,0.0,0.0,0.0,0.0,0.0,0.0,0.0,0.0,0.0,0.0,0.0,0.0,0.0,0.0,0.0,0.0,0.0
12,2009-10-01,Afar,1904414.0,1448271.0,0.0,213967.0,1234304.0,0.0,0.0,0.0,1448271.0,0.0,0.0,0.0,0.0,0.0,1448271.0,0.0,0.0,1448271.0,1448271.0,1448271.0
13,2009-10-01,Amhara,15442053.0,11743406.0,7849971.0,1743855.0,2149580.0,0.0,0.0,5928260.0,5815146.0,0.0,0.0,0.0,5928260.0,5815146.0,0.0,0.0,0.0,11743406.0,11743406.0,11743406.0
14,2009-10-01,Benshangul Gumuz,,,,0.0,0.0,0.0,0.0,,0.0,0.0,0.0,0.0,,0.0,0.0,0.0,0.0,0.0,0.0,0.0
15,2009-10-01,Dire Dawa,508918.0,387022.0,0.0,387022.0,0.0,0.0,0.0,0.0,387022.0,0.0,0.0,0.0,0.0,387022.0,0.0,0.0,0.0,387022.0,387022.0,387022.0
16,2009-10-01,Gambela,462832.0,351974.0,62068.0,0.0,289906.0,0.0,0.0,62068.0,0.0,289906.0,0.0,0.0,62068.0,0.0,289906.0,0.0,0.0,351974.0,351974.0,351974.0
17,2009-10-01,Harari,260022.0,197742.0,0.0,197742.0,0.0,0.0,0.0,0.0,197742.0,0.0,0.0,0.0,0.0,197742.0,0.0,0.0,0.0,197742.0,197742.0,197742.0
18,2009-10-01,Oromia,31355106.0,23845001.0,10133628.0,2109503.0,11601870.0,0.0,0.0,8434392.0,13560363.0,1850246.0,0.0,0.0,8434392.0,13560363.0,1850246.0,0.0,0.0,23845001.0,23845001.0,23845001.0
19,2009-10-01,SNNPR,17075128.0,12985330.0,1526184.0,489698.0,10969448.0,0.0,0.0,1067161.0,11918169.0,0.0,0.0,0.0,1067161.0,11918169.0,0.0,0.0,0.0,12985330.0,12985330.0,12985330.0
20,2009-10-01,Somali,5490380.0,4175334.0,0.0,0.0,1819157.0,2356177.0,0.0,0.0,1434969.0,2740365.0,0.0,0.0,0.0,0.0,4175334.0,0.0,0.0,4175334.0,4175334.0,4175334.0
21,2009-10-01,Tigray,4410666.0,3354232.0,335032.0,1732163.0,1287037.0,0.0,0.0,335032.0,3019200.0,0.0,0.0,0.0,335032.0,3019200.0,0.0,0.0,0.0,3354232.0,3354232.0,3354232.0
22,2010-01-01,Addis Ababa,3585647.0,2803796.0,0.0,0.0,0.0,0.0,0.0,0.0,0.0,0.0,0.0,0.0,0.0,0.0,0.0,0.0,0.0,0.0,0.0,0.0
23,2010-01-01,Afar,1904414.0,1489154.0,0.0,383748.0,1105406.0,0.0,0.0,0.0,0.0,986332.0,502822.0,0.0,0.0,0.0,1269147.0,220007.0,0.0,1489154.0,1489154.0,1489154.0
24,2010-01-01,Amhara,15442053.0,12074909.0,6095609.0,5575457.0,403843.0,0.0,0.0,6095609.0,4214601.0,1360856.0,403843.0,0.0,6095609.0,1975958.0,2238643.0,1764699.0,0.0,12074909.0,12074909.0,12074909.0
25,2010-01-01,Benshangul Gumuz,,,,0.0,0.0,0.0,0.0,0.0,0.0,0.0,0.0,0.0,0.0,0.0,0.0,0.0,0.0,0.0,0.0,0.0
26,2010-01-01,Dire Dawa,508918.0,397948.0,0.0,397948.0,0.0,0.0,0.0,0.0,0.0,397948.0,0.0,0.0,0.0,0.0,397948.0,0.0,0.0,397948.0,397948.0,397948.0
27,2010-01-01,Gambela,462832.0,361910.0,63820.0,0.0,298090.0,0.0,0.0,63820.0,0.0,0.0,298090.0,0.0,63820.0,0.0,0.0,298090.0,0.0,361910.0,361910.0,361910.0
28,2010-01-01,Harari,260022.0,203324.0,0.0,203324.0,0.0,0.0,0.0,0.0,0.0,203324.0,0.0,0.0,0.0,0.0,203324.0,0.0,0.0,203324.0,203324.0,203324.0
29,2010-01-01,Oromia,31355106.0,24518117.0,8672484.0,13943156.0,1902477.0,0.0,0.0,13084897.0,4597795.0,6835425.0,0.0,0.0,12663049.0,2850592.0,4071528.0,4932948.0,0.0,24518117.0,24518117.0,24518117.0
30,2010-01-01,SNNPR,17075128.0,13351890.0,1569267.0,11192928.0,589695.0,0.0,0.0,1097286.0,11739980.0,514624.0,0.0,0.0,1097286.0,4366332.0,7373648.0,514624.0,0.0,13351890.0,13351890.0,13351890.0
31,2010-01-01,Somali,5490380.0,4293199.0,0.0,1475477.0,2817722.0,0.0,0.0,0.0,0.0,3056211.0,1236988.0,0.0,0.0,0.0,3789456.0,503743.0,0.0,4293199.0,4293199.0,4293199.0
32,2010-01-01,Tigray,4410666.0,3448918.0,344490.0,3104428.0,0.0,0.0,0.0,344490.0,1781059.0,735074.0,588295.0,0.0,344490.0,698486.0,1817647.0,588295.0,0.0,3448918.0,3448918.0,3448918.0
33,2010-04-01,Addis Ababa,3585647.0,2803796.0,0.0,0.0,0.0,0.0,0.0,0.0,0.0,0.0,0.0,0.0,0.0,0.0,0.0,0.0,0.0,0.0,0.0,0.0
34,2010-04-01,Afar,1904414.0,1489154.0,0.0,383748.0,1105406.0,0.0,0.0,0.0,383748.0,1105406.0,0.0,0.0,0.0,383748.0,1105406.0,0.0,0.0,1489154.0,1489154.0,1489154.0
35,2010-04-01,Amhara,15442053.0,12074909.0,8071567.0,0.0,3599499.0,403843.0,0.0,8071567.0,0.0,3599499.0,403843.0,0.0,6095609.0,1806417.0,3769040.0,403843.0,0.0,12074909.0,12074909.0,12074909.0
36,2010-04-01,Benshangul Gumuz,,,0.0,0.0,0.0,0.0,0.0,0.0,0.0,0.0,0.0,0.0,0.0,0.0,0.0,0.0,0.0,0.0,0.0,0.0
37,2010-04-01,Dire Dawa,508918.0,397948.0,0.0,397948.0,0.0,0.0,0.0,0.0,397948.0,0.0,0.0,0.0,0.0,397948.0,0.0,0.0,0.0,397948.0,397948.0,397948.0
38,2010-04-01,Gambela,462832.0,361910.0,63820.0,0.0,298090.0,0.0,0.0,63820.0,0.0,298090.0,0.0,0.0,63820.0,298090.0,0.0,0.0,0.0,361910.0,361910.0,361910.0
39,2010-04-01,Harari,260022.0,203324.0,0.0,0.0,203324.0,0.0,0.0,0.0,0.0,203324.0,0.0,0.0,0.0,0.0,203324.0,0.0,0.0,203324.0,203324.0,203324.0
40,2010-04-01,Oromia,31355106.0,24518117.0,12494290.0,5343676.0,6680151.0,0.0,0.0,12494290.0,5343676.0,6680151.0,0.0,0.0,12494290.0,1902477.0,10121350.0,0.0,0.0,24518117.0,24518117.0,24518117.0
41,2010-04-01,SNNPR,17075128.0,13351890.0,1097286.0,11739980.0,514624.0,0.0,0.0,1097286.0,11739980.0,514624.0,0.0,0.0,1097286.0,11739980.0,514624.0,0.0,0.0,13351890.0,13351890.0,13351890.0
42,2010-04-01,Somali,5490380.0,4293199.0,0.0,2888809.0,1404390.0,0.0,0.0,0.0,2888809.0,1404390.0,0.0,0.0,0.0,2888809.0,1404390.0,0.0,0.0,4293199.0,4293199.0,4293199.0
43,2010-04-01,Tigray,4410666.0,3448918.0,344490.0,698486.0,2405942.0,0.0,0.0,344490.0,698486.0,2405942.0,0.0,0.0,344490.0,1286781.0,1817647.0,0.0,0.0,3448918.0,3448918.0,3448918.0
44,2010-07-01,Addis Ababa,3585647.0,2803796.0,0.0,0.0,0.0,0.0,0.0,0.0,0.0,0.0,0.0,0.0,0.0,0.0,0.0,0.0,0.0,0.0,0.0,0.0
45,2010-07-01,Afar,1904414.0,1489154.0,0.0,886570.0,602584.0,0.0,0.0,0.0,886570.0,602584.0,0.0,0.0,0.0,1489154.0,0.0,0.0,0.0,1489154.0,1489154.0,1489154.0
46,2010-07-01,Amhara,15442053.0,12074909.0,8071567.0,1806417.0,2196925.0,0.0,0.0,8071567.0,1806417.0,2196925.0,0.0,0.0,8071567.0,2642486.0,1360856.0,0.0,0.0,12074909.0,12074909.0,12074909.0
47,2010-07-01,Benshangul Gumuz,,,0.0,0.0,0.0,0.0,0.0,0.0,0.0,0.0,0.0,0.0,0.0,0.0,0.0,0.0,0.0,0.0,0.0,0.0
48,2010-07-01,Dire Dawa,508918.0,397948.0,0.0,0.0,0.0,0.0,0.0,0.0,0.0,0.0,0.0,0.0,0.0,0.0,0.0,0.0,0.0,0.0,0.0,0.0
49,2010-07-01,Gambela,462832.0,361910.0,63820.0,0.0,298090.0,0.0,0.0,63820.0,0.0,298090.0,0.0,0.0,63820.0,167582.0,130508.0,0.0,0.0,361910.0,361910.0,361910.0
50,2010-07-01,Harari,260022.0,203324.0,203324.0,0.0,0.0,0.0,0.0,203324.0,0.0,0.0,0.0,0.0,203324.0,0.0,0.0,0.0,0.0,203324.0,203324.0,203324.0
51,2010-07-01,Oromia,31355106.0,24518117.0,9643698.0,8194268.0,6680151.0,0.0,0.0,9643698.0,8194268.0,6680151.0,0.0,0.0,10250928.0,12364712.0,1902477.0,0.0,0.0,24518117.0,24518117.0,24518117.0
52,2010-07-01,SNNPR,17075128.0,13351890.0,1510221.0,9695612.0,2146057.0,0.0,0.0,1510221.0,9695612.0,2146057.0,0.0,0.0,1510221.0,11841669.0,0.0,0.0,0.0,13351890.0,13351890.0,13351890.0
53,2010-07-01,Somali,5490380.0,4293199.0,0.0,4293199.0,0.0,0.0,0.0,0.0,4293199.0,0.0,0.0,0.0,0.0,1475477.0,2817722.0,0.0,0.0,4293199.0,4293199.0,4293199.0
54,2010-07-01,Tigray,4410666.0,3448918.0,344490.0,698486.0,2405942.0,0.0,0.0,344490.0,698486.0,2405942.0,0.0,0.0,344490.0,3104428.0,0.0,0.0,0.0,3448918.0,3448918.0,3448918.0
55,2010-10-01,Addis Ababa,3585647.0,2803796.0,0.0,0.0,0.0,0.0,0.0,0.0,0.0,0.0,0.0,0.0,0.0,0.0,0.0,0.0,0.0,0.0,0.0,0.0
56,2010-10-01,Afar,1904414.0,1489154.0,0.0,886570.0,602584.0,0.0,0.0,0.0,1489154.0,0.0,0.0,0.0,0.0,1103056.0,386098.0,0.0,0.0,1489154.0,1489154.0,1489154.0
57,2010-10-01,Amhara,15442053.0,12074909.0,8071567.0,1806417.0,2196925.0,0.0,0.0,8071567.0,2642486.0,1360856.0,0.0,0.0,8071567.0,2642486.0,1360856.0,0.0,0.0,12074909.0,12074909.0,12074909.0
58,2010-10-01,Benshangul Gumuz,,,0.0,0.0,0.0,0.0,0.0,,0.0,0.0,0.0,0.0,,0.0,0.0,0.0,0.0,0.0,0.0,0.0
59,2010-10-01,Dire Dawa,508918.0,397948.0,0.0,0.0,0.0,0.0,0.0,0.0,397948.0,0.0,0.0,0.0,0.0,397948.0,0.0,0.0,0.0,0.0,397948.0,397948.0
60,2010-10-01,Gambela,462832.0,361910.0,63820.0,0.0,298090.0,0.0,0.0,231402.0,130508.0,0.0,0.0,0.0,231402.0,0.0,130508.0,0.0,0.0,361910.0,361910.0,361910.0
61,2010-10-01,Harari,260022.0,203324.0,203324.0,0.0,0.0,0.0,0.0,0.0,203324.0,0.0,0.0,0.0,0.0,203324.0,0.0,0.0,0.0,203324.0,203324.0,203324.0
62,2010-10-01,Oromia,31355106.0,24518117.0,9643698.0,8194268.0,6680151.0,0.0,0.0,12494290.0,10015263.0,2008564.0,0.0,0.0,12494290.0,10015263.0,2008564.0,0.0,0.0,24518117.0,24518117.0,24518117.0
63,2010-10-01,SNNPR,17075128.0,13351890.0,1510221.0,9695612.0,2146057.0,0.0,0.0,1510221.0,11841669.0,0.0,0.0,0.0,1510221.0,5655069.0,6186600.0,0.0,0.0,13351890.0,13351890.0,13351890.0
64,2010-10-01,Somali,5490380.0,4293199.0,0.0,4293199.0,0.0,0.0,0.0,0.0,2883842.0,1409357.0,0.0,0.0,0.0,3390099.0,903100.0,0.0,0.0,4293199.0,4293199.0,4293199.0
65,2010-10-01,Tigray,4410666.0,3448918.0,344490.0,698486.0,2405942.0,0.0,0.0,344490.0,3104428.0,0.0,0.0,0.0,344490.0,3104428.0,0.0,0.0,0.0,3448918.0,3448918.0,3448918.0
66,2011-01-01,Addis Ababa,3585647.0,2883776.0,0.0,0.0,0.0,0.0,0.0,0.0,0.0,0.0,0.0,0.0,0.0,0.0,0.0,0.0,0.0,0.0,0.0,0.0
67,2011-01-01,Afar,1904414.0,1531633.0,0.0,617356.0,914277.0,0.0,0.0,0.0,617356.0,914277.0,0.0,0.0,0.0,394694.0,1136939.0,0.0,0.0,1531633.0,1531633.0,1531633.0
68,2011-01-01,Amhara,15442053.0,12419349.0,8301810.0,4117539.0,0.0,0.0,0.0,8301810.0,4117539.0,0.0,0.0,0.0,8301810.0,4117539.0,0.0,0.0,0.0,12419349.0,12419349.0,12419349.0
69,2011-01-01,Benshangul Gumuz,,,0.0,0.0,0.0,0.0,0.0,0.0,0.0,0.0,0.0,0.0,0.0,0.0,0.0,0.0,0.0,0.0,0.0,0.0
70,2011-01-01,Dire Dawa,508918.0,409299.0,0.0,409299.0,0.0,0.0,0.0,0.0,409299.0,0.0,0.0,0.0,0.0,409299.0,0.0,0.0,0.0,409299.0,409299.0,409299.0
71,2011-01-01,Gambela,462832.0,372233.0,0.0,238002.0,134231.0,0.0,0.0,0.0,238002.0,134231.0,0.0,0.0,0.0,238002.0,134231.0,0.0,0.0,372233.0,372233.0,372233.0
72,2011-01-01,Harari,260022.0,209124.0,0.0,209124.0,0.0,0.0,0.0,0.0,209124.0,0.0,0.0,0.0,0.0,209124.0,0.0,0.0,0.0,209124.0,209124.0,209124.0
73,2011-01-01,Oromia,31355106.0,25217506.0,11639402.0,6547697.0,7030407.0,0.0,0.0,11639402.0,6547697.0,7030407.0,0.0,0.0,11639402.0,6547697.0,7030407.0,0.0,0.0,25217506.0,25217506.0,25217506.0
74,2011-01-01,SNNPR,17075128.0,13732758.0,1553300.0,11572942.0,606516.0,0.0,0.0,1553300.0,11572942.0,606516.0,0.0,0.0,1553300.0,11572942.0,606516.0,0.0,0.0,13732758.0,13732758.0,13732758.0
75,2011-01-01,Somali,5490380.0,4415663.0,0.0,1517565.0,2898098.0,0.0,0.0,0.0,1517565.0,2898098.0,0.0,0.0,0.0,999453.0,1451061.0,1965149.0,0.0,4415663.0,4415663.0,4415663.0
76,2011-01-01,Tigray,4410666.0,3547299.0,354317.0,3192982.0,0.0,0.0,0.0,354317.0,3192982.0,0.0,0.0,0.0,354317.0,3192982.0,0.0,0.0,0.0,3547299.0,3547299.0,3547299.0
77,2011-04-01,Addis Ababa,3585647.0,2883776.0,0.0,0.0,0.0,0.0,0.0,0.0,0.0,0.0,0.0,0.0,0.0,0.0,0.0,0.0,0.0,0.0,0.0,0.0
78,2011-04-01,Afar,1904414.0,1531633.0,0.0,0.0,1531633.0,0.0,0.0,0.0,0.0,1531633.0,0.0,0.0,0.0,0.0,1531633.0,0.0,0.0,1531633.0,1531633.0,1531633.0
79,2011-04-01,Amhara,15442053.0,12419349.0,6269487.0,5734499.0,415363.0,0.0,0.0,6269487.0,5734499.0,415363.0,0.0,0.0,6269487.0,5734499.0,415363.0,0.0,0.0,12419349.0,12419349.0,12419349.0
80,2011-04-01,Benshangul Gumuz,,,0.0,0.0,0.0,0.0,0.0,0.0,0.0,0.0,0.0,0.0,0.0,0.0,0.0,0.0,0.0,0.0,0.0,0.0
81,2011-04-01,Dire Dawa,508918.0,409299.0,0.0,409299.0,0.0,0.0,0.0,0.0,409299.0,0.0,0.0,0.0,0.0,409299.0,0.0,0.0,0.0,409299.0,409299.0,409299.0
82,2011-04-01,Gambela,462832.0,372233.0,0.0,238002.0,134231.0,0.0,0.0,0.0,238002.0,134231.0,0.0,0.0,238002.0,0.0,134231.0,0.0,0.0,372233.0,372233.0,372233.0
83,2011-04-01,Harari,260022.0,209124.0,0.0,0.0,0.0,0.0,0.0,0.0,0.0,0.0,0.0,0.0,0.0,0.0,0.0,0.0,0.0,0.0,0.0,0.0
84,2011-04-01,Oromia,31355106.0,25217506.0,7611435.0,12641523.0,4964548.0,0.0,0.0,7611435.0,12641523.0,4964548.0,0.0,0.0,7611435.0,5336404.0,12269667.0,0.0,0.0,25217506.0,25217506.0,25217506.0
85,2011-04-01,SNNPR,17075128.0,13732758.0,1614030.0,5948673.0,6170055.0,0.0,0.0,1614030.0,5948673.0,6170055.0,0.0,0.0,1614030.0,1513694.0,10605034.0,0.0,0.0,13732758.0,13732758.0,13732758.0
86,2011-04-01,Somali,5490380.0,4415663.0,0.0,0.0,2450514.0,1965149.0,0.0,0.0,0.0,2450514.0,1965149.0,0.0,0.0,0.0,2450514.0,1965149.0,0.0,4415663.0,4415663.0,4415663.0
87,2011-04-01,Tigray,4410666.0,3547299.0,354317.0,3192982.0,0.0,0.0,0.0,354317.0,3192982.0,0.0,0.0,0.0,354317.0,1831864.0,1361118.0,0.0,0.0,3547299.0,3547299.0,3547299.0
88,2011-07-01,Addis Ababa,3585647.0,2883776.0,0.0,0.0,0.0,0.0,0.0,0.0,0.0,0.0,0.0,0.0,0.0,0.0,0.0,0.0,0.0,0.0,0.0,0.0
89,2011-07-01,Afar,1904414.0,1531633.0,0.0,0.0,1531633.0,0.0,0.0,0.0,0.0,1531633.0,0.0,0.0,0.0,1531633.0,0.0,0.0,0.0,1531633.0,1531633.0,1531633.0
90,2011-07-01,Amhara,15442053.0,12419349.0,6269487.0,5734499.0,415363.0,0.0,0.0,6269487.0,5734499.0,415363.0,0.0,0.0,6269487.0,6149862.0,0.0,0.0,0.0,12419349.0,12419349.0,12419349.0
91,2011-07-01,Benshangul Gumuz,,,0.0,0.0,0.0,0.0,0.0,0.0,0.0,0.0,0.0,0.0,0.0,0.0,0.0,0.0,0.0,0.0,0.0,0.0
92,2011-07-01,Dire Dawa,508918.0,409299.0,0.0,409299.0,0.0,0.0,0.0,0.0,409299.0,0.0,0.0,0.0,0.0,409299.0,0.0,0.0,0.0,409299.0,409299.0,409299.0
93,2011-07-01,Gambela,462832.0,372233.0,0.0,238002.0,134231.0,0.0,0.0,0.0,238002.0,134231.0,0.0,0.0,65640.0,172362.0,134231.0,0.0,0.0,372233.0,372233.0,372233.0
94,2011-07-01,Harari,260022.0,209124.0,0.0,0.0,0.0,0.0,0.0,0.0,0.0,0.0,0.0,0.0,0.0,0.0,0.0,0.0,0.0,0.0,0.0,0.0
95,2011-07-01,Oromia,31355106.0,25217506.0,7611435.0,5336404.0,10312922.0,1956745.0,0.0,7611435.0,5336404.0,10312922.0,1956745.0,0.0,7611435.0,17167356.0,438715.0,0.0,0.0,25217506.0,25217506.0,25217506.0
96,2011-07-01,SNNPR,17075128.0,13732758.0,1614030.0,2031579.0,10087149.0,0.0,0.0,1614030.0,2031579.0,10087149.0,0.0,0.0,1614030.0,11512212.0,606516.0,0.0,0.0,13732758.0,13732758.0,13732758.0
97,2011-07-01,Somali,5490380.0,4415663.0,0.0,0.0,2559802.0,1855861.0,0.0,0.0,0.0,2559802.0,1855861.0,0.0,0.0,1517565.0,2898098.0,0.0,0.0,4415663.0,4415663.0,4415663.0
98,2011-07-01,Tigray,4410666.0,3547299.0,354317.0,2587906.0,605076.0,0.0,0.0,354317.0,2587906.0,605076.0,0.0,0.0,354317.0,3192982.0,0.0,0.0,0.0,3547299.0,3547299.0,3547299.0
99,2011-10-01,Addis Ababa,3585647.0,2883776.0,0.0,0.0,0.0,0.0,0.0,0.0,0.0,0.0,0.0,0.0,0.0,0.0,0.0,0.0,0.0,0.0,0.0,0.0
100,2011-10-01,Afar,1904414.0,1531633.0,0.0,1134521.0,397112.0,0.0,0.0,0.0,1134521.0,397112.0,0.0,0.0,0.0,1134521.0,397112.0,0.0,0.0,1531633.0,1531633.0,1531633.0
101,2011-10-01,Amhara,15442053.0,12419349.0,8113717.0,4305632.0,0.0,0.0,0.0,8113717.0,4305632.0,0.0,0.0,0.0,8113717.0,2490594.0,1815038.0,0.0,0.0,12419349.0,12419349.0,12419349.0
102,2011-10-01,Benshangul Gumuz,,,,0.0,0.0,0.0,0.0,,0.0,0.0,0.0,0.0,,0.0,0.0,0.0,0.0,0.0,0.0,0.0
103,2011-10-01,Dire Dawa,508918.0,409299.0,0.0,0.0,0.0,0.0,0.0,0.0,0.0,0.0,0.0,0.0,0.0,0.0,0.0,0.0,0.0,0.0,0.0,0.0
104,2011-10-01,Gambela,462832.0,372233.0,238002.0,134231.0,0.0,0.0,0.0,238002.0,134231.0,0.0,0.0,0.0,238002.0,0.0,134231.0,0.0,0.0,372233.0,372233.0,372233.0
105,2011-10-01,Harari,260022.0,209124.0,0.0,0.0,0.0,0.0,0.0,0.0,0.0,0.0,0.0,0.0,0.0,0.0,0.0,0.0,0.0,0.0,0.0,0.0
106,2011-10-01,Oromia,31355106.0,25217506.0,18187099.0,5073662.0,438715.0,1518030.0,0.0,18187099.0,5073662.0,1956745.0,0.0,0.0,18187099.0,5073662.0,0.0,1956745.0,0.0,25217506.0,25217506.0,25217506.0
107,2011-10-01,SNNPR,17075128.0,13732758.0,3584879.0,9541363.0,606516.0,0.0,0.0,3584879.0,9541363.0,606516.0,0.0,0.0,3584879.0,4888107.0,4653256.0,606516.0,0.0,13732758.0,13732758.0,13732758.0
108,2011-10-01,Somali,5490380.0,4415663.0,0.0,1517565.0,1042237.0,1855861.0,0.0,0.0,1517565.0,2898098.0,0.0,0.0,0.0,1517565.0,1453927.0,1444171.0,0.0,4415663.0,4415663.0,4415663.0
109,2011-10-01,Tigray,4410666.0,3547299.0,354317.0,3192982.0,0.0,0.0,0.0,354317.0,3192982.0,0.0,0.0,0.0,354317.0,3192982.0,0.0,0.0,0.0,3547299.0,3547299.0,3547299.0
110,2012-01-01,Addis Ababa,3585647.0,2966541.0,0.0,0.0,0.0,0.0,0.0,0.0,0.0,0.0,0.0,0.0,0.0,0.0,0.0,0.0,0.0,0.0,0.0,0.0
111,2012-01-01,Afar,1904414.0,1575591.0,0.0,1167082.0,408509.0,0.0,0.0,0.0,1167082.0,408509.0,0.0,0.0,0.0,1167082.0,408509.0,0.0,0.0,1575591.0,1575591.0,1575591.0
112,2012-01-01,Amhara,15442053.0,12775790.0,8346585.0,2562075.0,1867130.0,0.0,0.0,8346585.0,2562075.0,1867130.0,0.0,0.0,8346585.0,2562075.0,1867130.0,0.0,0.0,12775790.0,12775790.0,12775790.0
113,2012-01-01,Benshangul Gumuz,,,,0.0,0.0,0.0,0.0,,0.0,0.0,0.0,0.0,,0.0,0.0,0.0,0.0,0.0,0.0,0.0
114,2012-01-01,Dire Dawa,508918.0,421046.0,0.0,0.0,0.0,0.0,0.0,0.0,0.0,0.0,0.0,0.0,0.0,0.0,0.0,0.0,0.0,0.0,0.0,0.0
115,2012-01-01,Gambela,462832.0,382916.0,244833.0,138083.0,0.0,0.0,0.0,244833.0,138083.0,0.0,0.0,0.0,244833.0,138083.0,0.0,0.0,0.0,382916.0,382916.0,382916.0
116,2012-01-01,Harari,260022.0,215126.0,0.0,0.0,0.0,0.0,0.0,0.0,0.0,0.0,0.0,0.0,0.0,0.0,0.0,0.0,0.0,0.0,0.0,0.0
117,2012-01-01,Oromia,31355106.0,25941258.0,18709076.0,5219278.0,2012904.0,0.0,0.0,18709076.0,5219278.0,2012904.0,0.0,0.0,18709076.0,5219278.0,1561598.0,451306.0,0.0,25941258.0,25941258.0,25941258.0
118,2012-01-01,SNNPR,17075128.0,14126890.0,3750238.0,9752729.0,623923.0,0.0,0.0,3750238.0,9752729.0,623923.0,0.0,0.0,3687765.0,5028397.0,5410728.0,0.0,0.0,14126890.0,14126890.0,14126890.0
119,2012-01-01,Somali,5490380.0,4542394.0,0.0,0.0,4542394.0,0.0,0.0,0.0,0.0,4542394.0,0.0,0.0,0.0,0.0,4542394.0,0.0,0.0,4542394.0,4542394.0,4542394.0
120,2012-01-01,Tigray,4410666.0,3649109.0,364486.0,3284623.0,0.0,0.0,0.0,364486.0,3284623.0,0.0,0.0,0.0,364486.0,3284623.0,0.0,0.0,0.0,3649109.0,3649109.0,3649109.0
121,2012-04-01,Addis Ababa,3585647.0,2966541.0,0.0,0.0,0.0,0.0,0.0,0.0,0.0,0.0,0.0,0.0,0.0,0.0,0.0,0.0,0.0,0.0,0.0,0.0
122,2012-04-01,Afar,1904414.0,1575591.0,0.0,1167082.0,408509.0,0.0,0.0,0.0,635075.0,940516.0,0.0,0.0,0.0,1575591.0,0.0,0.0,0.0,1575591.0,1575591.0,1575591.0
123,2012-04-01,Amhara,15442053.0,12775790.0,6449425.0,4459235.0,1867130.0,0.0,0.0,6449425.0,4459235.0,1867130.0,0.0,0.0,6449425.0,4459235.0,1867130.0,0.0,0.0,12775790.0,12775790.0,12775790.0
124,2012-04-01,Benshangul Gumuz,,,,0.0,0.0,0.0,0.0,,0.0,0.0,0.0,0.0,,0.0,0.0,0.0,0.0,0.0,0.0,0.0
125,2012-04-01,Dire Dawa,508918.0,421046.0,0.0,0.0,0.0,0.0,0.0,0.0,0.0,0.0,0.0,0.0,0.0,0.0,0.0,0.0,0.0,0.0,0.0,0.0
126,2012-04-01,Gambela,462832.0,382916.0,244833.0,138083.0,0.0,0.0,0.0,244833.0,138083.0,0.0,0.0,0.0,244833.0,138083.0,0.0,0.0,0.0,382916.0,382916.0,382916.0
127,2012-04-01,Harari,260022.0,215126.0,0.0,0.0,0.0,0.0,0.0,0.0,0.0,0.0,0.0,0.0,0.0,0.0,0.0,0.0,0.0,0.0,0.0,0.0
128,2012-04-01,Oromia,31355106.0,25941258.0,14347033.0,9581321.0,2012904.0,0.0,0.0,14347033.0,9581321.0,2012904.0,0.0,0.0,14347033.0,7456171.0,4138054.0,0.0,0.0,25941258.0,25941258.0,25941258.0
129,2012-04-01,SNNPR,17075128.0,14126890.0,3750238.0,6372512.0,4004140.0,0.0,0.0,3750238.0,6372512.0,4004140.0,0.0,0.0,3687765.0,9270707.0,1168418.0,0.0,0.0,14126890.0,14126890.0,14126890.0
130,2012-04-01,Somali,5490380.0,4542394.0,0.0,0.0,4542394.0,0.0,0.0,0.0,0.0,4542394.0,0.0,0.0,0.0,1561120.0,2981274.0,0.0,0.0,4542394.0,4542394.0,4542394.0
131,2012-04-01,Tigray,4410666.0,3649109.0,364486.0,3284623.0,0.0,0.0,0.0,364486.0,3284623.0,0.0,0.0,0.0,364486.0,3284623.0,0.0,0.0,0.0,3649109.0,3649109.0,3649109.0
132,2012-07-01,Addis Ababa,3585647.0,2966541.0,0.0,0.0,0.0,0.0,0.0,0.0,0.0,0.0,0.0,0.0,0.0,0.0,0.0,0.0,0.0,0.0,0.0,0.0
133,2012-07-01,Afar,1904414.0,1575591.0,0.0,1043584.0,532007.0,0.0,0.0,0.0,1043584.0,532007.0,0.0,0.0,0.0,1043584.0,532007.0,0.0,0.0,1575591.0,1575591.0,1575591.0
134,2012-07-01,Amhara,15442053.0,12775790.0,6449425.0,4459235.0,1867130.0,0.0,0.0,6449425.0,4459235.0,1867130.0,0.0,0.0,10908660.0,0.0,1867130.0,0.0,0.0,12775790.0,12775790.0,12775790.0
135,2012-07-01,Benshangul Gumuz,,,,0.0,0.0,0.0,0.0,,0.0,0.0,0.0,0.0,,0.0,0.0,0.0,0.0,0.0,0.0,0.0
136,2012-07-01,Dire Dawa,508918.0,421046.0,0.0,0.0,0.0,0.0,0.0,0.0,0.0,0.0,0.0,0.0,0.0,0.0,0.0,0.0,0.0,0.0,0.0,0.0
137,2012-07-01,Gambela,462832.0,382916.0,382916.0,0.0,0.0,0.0,0.0,382916.0,0.0,0.0,0.0,0.0,382916.0,0.0,0.0,0.0,0.0,382916.0,382916.0,382916.0
138,2012-07-01,Harari,260022.0,215126.0,0.0,0.0,0.0,0.0,0.0,0.0,0.0,0.0,0.0,0.0,0.0,0.0,0.0,0.0,0.0,0.0,0.0,0.0
139,2012-07-01,Oromia,31355106.0,25941258.0,9678504.0,8135888.0,8126866.0,0.0,0.0,9678504.0,8135888.0,8126866.0,0.0,0.0,17363086.0,8578172.0,0.0,0.0,0.0,25941258.0,25941258.0,25941258.0
140,2012-07-01,SNNPR,17075128.0,14126890.0,2130627.0,1619611.0,10376652.0,0.0,0.0,2130627.0,1619611.0,10376652.0,0.0,0.0,3750238.0,10376652.0,0.0,0.0,0.0,14126890.0,14126890.0,14126890.0
141,2012-07-01,Somali,5490380.0,4542394.0,0.0,0.0,4542394.0,0.0,0.0,0.0,0.0,4542394.0,0.0,0.0,0.0,4009412.0,532982.0,0.0,0.0,4542394.0,4542394.0,4542394.0
142,2012-07-01,Tigray,4410666.0,3649109.0,364486.0,3284623.0,0.0,0.0,0.0,364486.0,3284623.0,0.0,0.0,0.0,1103515.0,1767853.0,777741.0,0.0,0.0,3649109.0,3649109.0,3649109.0
143,2012-10-01,Addis Ababa,3585647.0,2966541.0,0.0,0.0,0.0,0.0,0.0,0.0,0.0,0.0,0.0,0.0,0.0,0.0,0.0,0.0,0.0,0.0,0.0,0.0
144,2012-10-01,Afar,1904414.0,1575591.0,0.0,1043584.0,532007.0,0.0,0.0,0.0,1043584.0,532007.0,0.0,0.0,0.0,402298.0,1173293.0,0.0,0.0,1575591.0,1575591.0,1575591.0
145,2012-10-01,Amhara,15442053.0,12775790.0,10908660.0,0.0,1867130.0,0.0,0.0,10908660.0,0.0,1867130.0,0.0,0.0,8346585.0,2562075.0,1867130.0,0.0,0.0,12775790.0,12775790.0,12775790.0
146,2012-10-01,Benshangul Gumuz,,,,0.0,0.0,0.0,0.0,,0.0,0.0,0.0,0.0,,0.0,0.0,0.0,0.0,0.0,0.0,0.0
147,2012-10-01,Dire Dawa,508918.0,421046.0,0.0,421046.0,0.0,0.0,0.0,0.0,421046.0,0.0,0.0,0.0,0.0,0.0,421046.0,0.0,0.0,421046.0,421046.0,421046.0
148,2012-10-01,Gambela,462832.0,382916.0,382916.0,0.0,0.0,0.0,0.0,382916.0,0.0,0.0,0.0,0.0,382916.0,0.0,0.0,0.0,0.0,382916.0,382916.0,382916.0
149,2012-10-01,Harari,260022.0,215126.0,0.0,0.0,0.0,0.0,0.0,0.0,0.0,0.0,0.0,0.0,0.0,0.0,0.0,0.0,0.0,0.0,0.0,0.0
150,2012-10-01,Oromia,31355106.0,25941258.0,17363086.0,8578172.0,0.0,0.0,0.0,17363086.0,8578172.0,0.0,0.0,0.0,17363086.0,3358894.0,5219278.0,0.0,0.0,25941258.0,25941258.0,25941258.0
151,2012-10-01,SNNPR,17075128.0,14126890.0,3750238.0,10376652.0,0.0,0.0,0.0,3750238.0,10376652.0,0.0,0.0,0.0,3750238.0,2966920.0,7409732.0,0.0,0.0,14126890.0,14126890.0,14126890.0
152,2012-10-01,Somali,5490380.0,4542394.0,0.0,4009412.0,532982.0,0.0,0.0,0.0,4009412.0,532982.0,0.0,0.0,0.0,3055807.0,1486587.0,0.0,0.0,4542394.0,4542394.0,4542394.0
153,2012-10-01,Tigray,4410666.0,3649109.0,1103515.0,1767853.0,777741.0,0.0,0.0,1103515.0,1767853.0,777741.0,0.0,0.0,364486.0,1884440.0,1400183.0,0.0,0.0,3649109.0,3649109.0,3649109.0
154,2013-01-01,Addis Ababa,3585647.0,3051602.0,0.0,0.0,0.0,0.0,0.0,0.0,0.0,0.0,0.0,0.0,0.0,0.0,0.0,0.0,0.0,0.0,0.0,0.0
155,2013-01-01,Afar,1904414.0,1620769.0,0.0,964926.0,655843.0,0.0,0.0,0.0,964926.0,655843.0,0.0,0.0,0.0,964926.0,655843.0,0.0,0.0,1620769.0,1620769.0,1620769.0
156,2013-01-01,Amhara,15442053.0,13142120.0,10736511.0,1966073.0,439536.0,0.0,0.0,10736511.0,484941.0,1920668.0,0.0,0.0,10736511.0,0.0,2405609.0,0.0,0.0,13142120.0,13142120.0,13142120.0
157,2013-01-01,Benshangul Gumuz,,,,0.0,0.0,0.0,0.0,,0.0,0.0,0.0,0.0,,0.0,0.0,0.0,0.0,0.0,0.0,0.0
158,2013-01-01,Dire Dawa,508918.0,433119.0,0.0,0.0,433119.0,0.0,0.0,0.0,0.0,433119.0,0.0,0.0,0.0,0.0,433119.0,0.0,0.0,433119.0,433119.0,433119.0
159,2013-01-01,Gambela,462832.0,393896.0,209080.0,184816.0,0.0,0.0,0.0,209080.0,184816.0,0.0,0.0,0.0,209080.0,184816.0,0.0,0.0,0.0,393896.0,393896.0,393896.0
160,2013-01-01,Harari,260022.0,221294.0,0.0,0.0,221294.0,0.0,0.0,0.0,0.0,221294.0,0.0,0.0,0.0,0.0,221294.0,0.0,0.0,221294.0,221294.0,221294.0
161,2013-01-01,Oromia,31355106.0,26685087.0,17860947.0,3455206.0,5368934.0,0.0,0.0,17860947.0,3455206.0,5368934.0,0.0,0.0,17860947.0,1848831.0,6975309.0,0.0,0.0,26685087.0,26685087.0,26685087.0
162,2013-01-01,SNNPR,17075128.0,14531961.0,3857773.0,10674188.0,0.0,0.0,0.0,3857773.0,3051992.0,7622196.0,0.0,0.0,3857773.0,3051992.0,7622196.0,0.0,0.0,14531961.0,14531961.0,14531961.0
163,2013-01-01,Somali,5490380.0,4672643.0,0.0,3143429.0,1529214.0,0.0,0.0,0.0,2401264.0,2271379.0,0.0,0.0,0.0,3694431.0,978212.0,0.0,0.0,4672643.0,4672643.0,4672643.0
164,2013-01-01,Tigray,4410666.0,3753743.0,1135157.0,1178254.0,1440332.0,0.0,0.0,1135157.0,1178254.0,1440332.0,0.0,0.0,374937.0,760220.0,2618586.0,0.0,0.0,3753743.0,3753743.0,3753743.0
165,2013-04-01,Addis Ababa,3585647.0,3051602.0,0.0,0.0,0.0,0.0,0.0,0.0,0.0,0.0,0.0,0.0,0.0,0.0,0.0,0.0,0.0,0.0,0.0,0.0
166,2013-04-01,Afar,1904414.0,1620769.0,0.0,0.0,1620769.0,0.0,0.0,0.0,653284.0,967485.0,0.0,0.0,0.0,653284.0,967485.0,0.0,0.0,1620769.0,1620769.0,1620769.0
167,2013-04-01,Amhara,15442053.0,13142120.0,10736511.0,0.0,2405609.0,0.0,0.0,10736511.0,0.0,2405609.0,0.0,0.0,10736511.0,0.0,2405609.0,0.0,0.0,13142120.0,13142120.0,13142120.0
168,2013-04-01,Benshangul Gumuz,,,,0.0,0.0,0.0,0.0,,0.0,0.0,0.0,0.0,,0.0,0.0,0.0,0.0,0.0,0.0,0.0
169,2013-04-01,Dire Dawa,508918.0,433119.0,0.0,0.0,433119.0,0.0,0.0,0.0,0.0,433119.0,0.0,0.0,0.0,0.0,433119.0,0.0,0.0,433119.0,433119.0,433119.0
170,2013-04-01,Gambela,462832.0,393896.0,393896.0,0.0,0.0,0.0,0.0,393896.0,0.0,0.0,0.0,0.0,393896.0,0.0,0.0,0.0,0.0,393896.0,393896.0,393896.0
171,2013-04-01,Harari,260022.0,221294.0,0.0,0.0,221294.0,0.0,0.0,0.0,0.0,221294.0,0.0,0.0,0.0,0.0,221294.0,0.0,0.0,221294.0,221294.0,221294.0
172,2013-04-01,Oromia,31355106.0,26685087.0,17860947.0,1848831.0,6975309.0,0.0,0.0,17860947.0,1848831.0,6975309.0,0.0,0.0,17860947.0,1848831.0,6975309.0,0.0,0.0,26685087.0,26685087.0,26685087.0
173,2013-04-01,SNNPR,17075128.0,14531961.0,3857773.0,3051992.0,7622196.0,0.0,0.0,3857773.0,3051992.0,7622196.0,0.0,0.0,3857773.0,10114080.0,560108.0,0.0,0.0,14531961.0,14531961.0,14531961.0
174,2013-04-01,Somali,5490380.0,4672643.0,0.0,3694431.0,978212.0,0.0,0.0,0.0,3694431.0,978212.0,0.0,0.0,0.0,3694431.0,978212.0,0.0,0.0,4672643.0,4672643.0,4672643.0
175,2013-04-01,Tigray,4410666.0,3753743.0,374937.0,760220.0,2618586.0,0.0,0.0,374937.0,760220.0,2618586.0,0.0,0.0,374937.0,760220.0,2618586.0,0.0,0.0,3753743.0,3753743.0,3753743.0
176,2013-07-01,Addis Ababa,3585647.0,3051602.0,0.0,0.0,0.0,0.0,0.0,0.0,0.0,0.0,0.0,0.0,0.0,0.0,0.0,0.0,0.0,0.0,0.0,0.0
177,2013-07-01,Afar,1904414.0,1620769.0,0.0,653284.0,967485.0,0.0,0.0,0.0,653284.0,967485.0,0.0,0.0,0.0,653284.0,967485.0,0.0,0.0,1620769.0,1620769.0,1620769.0
178,2013-07-01,Amhara,15442053.0,13142120.0,10736511.0,0.0,2405609.0,0.0,0.0,10736511.0,0.0,2405609.0,0.0,0.0,10736511.0,2405609.0,0.0,0.0,0.0,13142120.0,13142120.0,13142120.0
179,2013-07-01,Benshangul Gumuz,,,,0.0,0.0,0.0,0.0,,0.0,0.0,0.0,0.0,,0.0,0.0,0.0,0.0,0.0,0.0,0.0
180,2013-07-01,Dire Dawa,508918.0,433119.0,0.0,0.0,433119.0,0.0,0.0,0.0,0.0,433119.0,0.0,0.0,0.0,0.0,433119.0,0.0,0.0,433119.0,433119.0,433119.0
181,2013-07-01,Gambela,462832.0,393896.0,393896.0,0.0,0.0,0.0,0.0,393896.0,0.0,0.0,0.0,0.0,393896.0,0.0,0.0,0.0,0.0,393896.0,393896.0,393896.0
182,2013-07-01,Harari,260022.0,221294.0,0.0,0.0,221294.0,0.0,0.0,0.0,0.0,221294.0,0.0,0.0,0.0,221294.0,0.0,0.0,0.0,221294.0,221294.0,221294.0
183,2013-07-01,Oromia,31355106.0,26685087.0,17860947.0,2070622.0,6753518.0,0.0,0.0,17860947.0,2070622.0,6753518.0,0.0,0.0,12856788.0,13828299.0,0.0,0.0,0.0,26685087.0,26685087.0,26685087.0
184,2013-07-01,SNNPR,17075128.0,14531961.0,3857773.0,10114080.0,560108.0,0.0,0.0,3857773.0,10114080.0,560108.0,0.0,0.0,3857773.0,10674188.0,0.0,0.0,0.0,14531961.0,14531961.0,14531961.0
185,2013-07-01,Somali,5490380.0,4672643.0,0.0,3567080.0,1105563.0,0.0,0.0,0.0,3567080.0,1105563.0,0.0,0.0,0.0,3567080.0,1105563.0,0.0,0.0,4672643.0,4672643.0,4672643.0
186,2013-07-01,Tigray,4410666.0,3753743.0,374937.0,760220.0,2618586.0,0.0,0.0,374937.0,760220.0,2618586.0,0.0,0.0,374937.0,3378806.0,0.0,0.0,0.0,3753743.0,3753743.0,3753743.0
187,2013-10-01,Addis Ababa,3585647.0,3051602.0,0.0,0.0,0.0,0.0,0.0,0.0,0.0,0.0,0.0,0.0,0.0,0.0,0.0,0.0,0.0,0.0,0.0,0.0
188,2013-10-01,Afar,1904414.0,1620769.0,0.0,1200546.0,420223.0,0.0,0.0,0.0,1200546.0,420223.0,0.0,0.0,0.0,653284.0,967485.0,0.0,0.0,1620769.0,1620769.0,1620769.0
189,2013-10-01,Amhara,15442053.0,13142120.0,10736511.0,2405609.0,0.0,0.0,0.0,10736511.0,2405609.0,0.0,0.0,0.0,10736511.0,484941.0,1920668.0,0.0,0.0,13142120.0,13142120.0,13142120.0
190,2013-10-01,Benshangul Gumuz,,,,0.0,0.0,0.0,0.0,,0.0,0.0,0.0,0.0,,0.0,0.0,0.0,0.0,0.0,0.0,0.0
191,2013-10-01,Dire Dawa,508918.0,433119.0,0.0,433119.0,0.0,0.0,0.0,0.0,433119.0,0.0,0.0,0.0,0.0,433119.0,0.0,0.0,0.0,433119.0,433119.0,433119.0
192,2013-10-01,Gambela,462832.0,393896.0,393896.0,0.0,0.0,0.0,0.0,393896.0,0.0,0.0,0.0,0.0,393896.0,0.0,0.0,0.0,0.0,393896.0,393896.0,393896.0
193,2013-10-01,Harari,260022.0,221294.0,0.0,221294.0,0.0,0.0,0.0,0.0,221294.0,0.0,0.0,0.0,0.0,221294.0,0.0,0.0,0.0,221294.0,221294.0,221294.0
194,2013-10-01,Oromia,31355106.0,26685087.0,12856788.0,13828299.0,0.0,0.0,0.0,12856788.0,13828299.0,0.0,0.0,0.0,17860947.0,8824140.0,0.0,0.0,0.0,26685087.0,26685087.0,26685087.0
195,2013-10-01,SNNPR,17075128.0,14531961.0,3857773.0,10674188.0,0.0,0.0,0.0,3857773.0,10674188.0,0.0,0.0,0.0,3857773.0,10674188.0,0.0,0.0,0.0,14531961.0,14531961.0,14531961.0
196,2013-10-01,Somali,5490380.0,4672643.0,0.0,4115345.0,557298.0,0.0,0.0,0.0,4115345.0,557298.0,0.0,0.0,0.0,4672643.0,0.0,0.0,0.0,4672643.0,4672643.0,4672643.0
197,2013-10-01,Tigray,4410666.0,3753743.0,374937.0,3378806.0,0.0,0.0,0.0,374937.0,3378806.0,0.0,0.0,0.0,374937.0,2578764.0,800042.0,0.0,0.0,3753743.0,3753743.0,3753743.0
198,2014-01-01,Addis Ababa,3585647.0,3138252.0,0.0,0.0,0.0,0.0,0.0,0.0,0.0,0.0,0.0,0.0,0.0,0.0,0.0,0.0,0.0,0.0,0.0,0.0
199,2014-01-01,Afar,1904414.0,1666792.0,0.0,1234637.0,432155.0,0.0,0.0,0.0,1234637.0,432155.0,0.0,0.0,0.0,1234637.0,432155.0,0.0,0.0,1666792.0,1666792.0,1666792.0
200,2014-01-01,Amhara,15442053.0,13515286.0,13063270.0,452016.0,0.0,0.0,0.0,13063270.0,452016.0,0.0,0.0,0.0,8829708.0,4233562.0,452016.0,0.0,0.0,13515286.0,13515286.0,13515286.0
201,2014-01-01,Benshangul Gumuz,,,,0.0,0.0,0.0,0.0,,0.0,0.0,0.0,0.0,,0.0,0.0,0.0,0.0,0.0,0.0,0.0
202,2014-01-01,Dire Dawa,508918.0,445418.0,445418.0,0.0,0.0,0.0,0.0,445418.0,0.0,0.0,0.0,0.0,0.0,445418.0,0.0,0.0,0.0,445418.0,445418.0,445418.0
203,2014-01-01,Gambela,462832.0,405081.0,405081.0,0.0,0.0,0.0,0.0,405081.0,0.0,0.0,0.0,0.0,405081.0,0.0,0.0,0.0,0.0,405081.0,405081.0,405081.0
204,2014-01-01,Harari,260022.0,227578.0,227578.0,0.0,0.0,0.0,0.0,227578.0,0.0,0.0,0.0,0.0,0.0,227578.0,0.0,0.0,0.0,227578.0,227578.0,227578.0
205,2014-01-01,Oromia,31355106.0,27442806.0,27442806.0,0.0,0.0,0.0,0.0,27442806.0,0.0,0.0,0.0,0.0,17281042.0,10161764.0,0.0,0.0,0.0,27442806.0,27442806.0,27442806.0
206,2014-01-01,SNNPR,17075128.0,14944593.0,10021802.0,4922791.0,0.0,0.0,0.0,10021802.0,4922791.0,0.0,0.0,0.0,4957924.0,9986669.0,0.0,0.0,0.0,14944593.0,14944593.0,14944593.0
207,2014-01-01,Somali,5490380.0,4805320.0,0.0,4805320.0,0.0,0.0,0.0,0.0,4805320.0,0.0,0.0,0.0,0.0,4805320.0,0.0,0.0,0.0,4805320.0,4805320.0,4805320.0
208,2014-01-01,Tigray,4410666.0,3860329.0,1167389.0,2692940.0,0.0,0.0,0.0,1167389.0,2692940.0,0.0,0.0,0.0,1167389.0,0.0,2692940.0,0.0,0.0,3860329.0,3860329.0,3860329.0
209,2014-04-01,Addis Ababa,3585647.0,3138252.0,0.0,0.0,0.0,0.0,0.0,0.0,0.0,0.0,0.0,0.0,0.0,0.0,0.0,0.0,0.0,0.0,0.0,0.0
210,2014-04-01,Afar,1904414.0,1666792.0,0.0,1234637.0,432155.0,0.0,0.0,0.0,1234637.0,432155.0,0.0,0.0,0.0,1234637.0,432155.0,0.0,0.0,1666792.0,1666792.0,1666792.0
211,2014-04-01,Amhara,15442053.0,13515286.0,8829708.0,4233562.0,452016.0,0.0,0.0,8829708.0,4233562.0,452016.0,0.0,0.0,8829708.0,4233562.0,452016.0,0.0,0.0,13515286.0,13515286.0,13515286.0
212,2014-04-01,Benshangul Gumuz,,,,0.0,0.0,0.0,0.0,,0.0,0.0,0.0,0.0,,0.0,0.0,0.0,0.0,0.0,0.0,0.0
213,2014-04-01,Dire Dawa,508918.0,445418.0,0.0,445418.0,0.0,0.0,0.0,0.0,445418.0,0.0,0.0,0.0,0.0,445418.0,0.0,0.0,0.0,445418.0,445418.0,445418.0
214,2014-04-01,Gambela,462832.0,405081.0,405081.0,0.0,0.0,0.0,0.0,405081.0,0.0,0.0,0.0,0.0,405081.0,0.0,0.0,0.0,0.0,405081.0,405081.0,405081.0
215,2014-04-01,Harari,260022.0,227578.0,0.0,227578.0,0.0,0.0,0.0,0.0,227578.0,0.0,0.0,0.0,0.0,227578.0,0.0,0.0,0.0,227578.0,227578.0,227578.0
216,2014-04-01,Oromia,31355106.0,27442806.0,17281042.0,10161764.0,0.0,0.0,0.0,17281042.0,10161764.0,0.0,0.0,0.0,17281042.0,10161764.0,0.0,0.0,0.0,27442806.0,27442806.0,27442806.0
217,2014-04-01,SNNPR,17075128.0,14944593.0,4957924.0,9986669.0,0.0,0.0,0.0,4957924.0,9986669.0,0.0,0.0,0.0,14944593.0,0.0,0.0,0.0,0.0,14944593.0,14944593.0,14944593.0
218,2014-04-01,Somali,5490380.0,4805320.0,0.0,4805320.0,0.0,0.0,0.0,0.0,4805320.0,0.0,0.0,0.0,0.0,4805320.0,0.0,0.0,0.0,4805320.0,4805320.0,4805320.0
219,2014-04-01,Tigray,4410666.0,3860329.0,1167389.0,0.0,2692940.0,0.0,0.0,1167389.0,0.0,2692940.0,0.0,0.0,1167389.0,658471.0,2034469.0,0.0,0.0,3860329.0,3860329.0,3860329.0
220,2014-07-01,Addis Ababa,3585647.0,3138252.0,0.0,0.0,0.0,0.0,0.0,0.0,0.0,0.0,0.0,0.0,0.0,0.0,0.0,0.0,0.0,0.0,0.0,0.0
221,2014-07-01,Afar,1904414.0,1666792.0,0.0,1234637.0,432155.0,0.0,0.0,0.0,1234637.0,432155.0,0.0,0.0,0.0,1234637.0,432155.0,0.0,0.0,1666792.0,1666792.0,1666792.0
222,2014-07-01,Amhara,15442053.0,13515286.0,11041372.0,2021898.0,452016.0,0.0,0.0,11041372.0,2021898.0,452016.0,0.0,0.0,11041372.0,2473914.0,0.0,0.0,0.0,13515286.0,13515286.0,13515286.0
223,2014-07-01,Benshangul Gumuz,,,,0.0,0.0,0.0,0.0,,0.0,0.0,0.0,0.0,,0.0,0.0,0.0,0.0,0.0,0.0,0.0
224,2014-07-01,Dire Dawa,508918.0,445418.0,0.0,445418.0,0.0,0.0,0.0,0.0,445418.0,0.0,0.0,0.0,0.0,445418.0,0.0,0.0,0.0,445418.0,445418.0,445418.0
225,2014-07-01,Gambela,462832.0,405081.0,405081.0,0.0,0.0,0.0,0.0,405081.0,0.0,0.0,0.0,0.0,405081.0,0.0,0.0,0.0,0.0,405081.0,405081.0,405081.0
226,2014-07-01,Harari,260022.0,227578.0,0.0,227578.0,0.0,0.0,0.0,0.0,227578.0,0.0,0.0,0.0,0.0,227578.0,0.0,0.0,0.0,227578.0,227578.0,227578.0
227,2014-07-01,Oromia,31355106.0,27442806.0,17281042.0,10161764.0,0.0,0.0,0.0,17281042.0,10161764.0,0.0,0.0,0.0,15742399.0,11700407.0,0.0,0.0,0.0,27442806.0,27442806.0,27442806.0
228,2014-07-01,SNNPR,17075128.0,14944593.0,14284556.0,660037.0,0.0,0.0,0.0,14284556.0,660037.0,0.0,0.0,0.0,14284556.0,660037.0,0.0,0.0,0.0,14944593.0,14944593.0,14944593.0
229,2014-07-01,Somali,5490380.0,4805320.0,0.0,4805320.0,0.0,0.0,0.0,0.0,4805320.0,0.0,0.0,0.0,0.0,4805320.0,0.0,0.0,0.0,4805320.0,4805320.0,4805320.0
230,2014-07-01,Tigray,4410666.0,3860329.0,1167389.0,658471.0,2034469.0,0.0,0.0,1167389.0,658471.0,2034469.0,0.0,0.0,1167389.0,2692940.0,0.0,0.0,0.0,3860329.0,3860329.0,3860329.0
231,2014-10-01,Addis Ababa,3585647.0,3138252.0,3138252.0,0.0,0.0,0.0,0.0,3138252.0,0.0,0.0,0.0,0.0,3138252.0,0.0,0.0,0.0,0.0,3138252.0,3138252.0,3138252.0
232,2014-10-01,Afar,1904414.0,1666792.0,0.0,1420541.0,246251.0,0.0,0.0,0.0,1420541.0,246251.0,0.0,0.0,0.0,1420541.0,246251.0,0.0,0.0,1666792.0,1666792.0,1666792.0
233,2014-10-01,Amhara,15442053.0,13515286.0,13515286.0,0.0,0.0,0.0,0.0,13515286.0,0.0,0.0,0.0,0.0,9533109.0,3982177.0,0.0,0.0,0.0,13515286.0,13515286.0,13515286.0
234,2014-10-01,Benshangul Gumuz,,,,0.0,0.0,0.0,0.0,,0.0,0.0,0.0,0.0,,0.0,0.0,0.0,0.0,0.0,0.0,0.0
235,2014-10-01,Dire Dawa,508918.0,445418.0,0.0,445418.0,0.0,0.0,0.0,0.0,445418.0,0.0,0.0,0.0,0.0,445418.0,0.0,0.0,0.0,445418.0,445418.0,445418.0
236,2014-10-01,Gambela,462832.0,405081.0,405081.0,0.0,0.0,0.0,0.0,405081.0,0.0,0.0,0.0,0.0,405081.0,0.0,0.0,0.0,0.0,405081.0,405081.0,405081.0
237,2014-10-01,Harari,260022.0,227578.0,227578.0,0.0,0.0,0.0,0.0,227578.0,0.0,0.0,0.0,0.0,227578.0,0.0,0.0,0.0,0.0,227578.0,227578.0,227578.0
238,2014-10-01,Oromia,31355106.0,27442806.0,24717218.0,2725588.0,0.0,0.0,0.0,24717218.0,2725588.0,0.0,0.0,0.0,21443994.0,3750653.0,2248159.0,0.0,0.0,27442806.0,27442806.0,27442806.0
239,2014-10-01,SNNPR,17075128.0,14944593.0,14284556.0,660037.0,0.0,0.0,0.0,14284556.0,660037.0,0.0,0.0,0.0,10132671.0,4811922.0,0.0,0.0,0.0,14944593.0,14944593.0,14944593.0
240,2014-10-01,Somali,5490380.0,4805320.0,0.0,4805320.0,0.0,0.0,0.0,0.0,4805320.0,0.0,0.0,0.0,0.0,4805320.0,0.0,0.0,0.0,4805320.0,4805320.0,4805320.0
241,2014-10-01,Tigray,4410666.0,3860329.0,3860329.0,0.0,0.0,0.0,0.0,3860329.0,0.0,0.0,0.0,0.0,2379099.0,1481230.0,0.0,0.0,0.0,3860329.0,3860329.0,3860329.0
242,2015-01-01,Addis Ababa,3585647.0,3225949.0,3225949.0,0.0,0.0,0.0,0.0,3225949.0,0.0,0.0,0.0,0.0,3225949.0,0.0,0.0,0.0,0.0,3225949.0,3225949.0,3225949.0
243,2015-01-01,Afar,1904414.0,1713369.0,0.0,1713369.0,0.0,0.0,0.0,0.0,1713369.0,0.0,0.0,0.0,0.0,1713369.0,0.0,0.0,0.0,1713369.0,1713369.0,1713369.0
244,2015-01-01,Amhara,15442053.0,13892966.0,13428318.0,0.0,464648.0,0.0,0.0,13428318.0,0.0,464648.0,0.0,0.0,11862565.0,1565753.0,464648.0,0.0,0.0,13892966.0,13892966.0,13892966.0
245,2015-01-01,Benshangul Gumuz,,,,0.0,0.0,0.0,0.0,,0.0,0.0,0.0,0.0,,0.0,0.0,0.0,0.0,0.0,0.0,0.0
246,2015-01-01,Dire Dawa,508918.0,457865.0,0.0,457865.0,0.0,0.0,0.0,0.0,457865.0,0.0,0.0,0.0,0.0,457865.0,0.0,0.0,0.0,457865.0,457865.0,457865.0
247,2015-01-01,Gambela,462832.0,416401.0,416401.0,0.0,0.0,0.0,0.0,416401.0,0.0,0.0,0.0,0.0,416401.0,0.0,0.0,0.0,0.0,416401.0,416401.0,416401.0
248,2015-01-01,Harari,260022.0,233937.0,233937.0,0.0,0.0,0.0,0.0,233937.0,0.0,0.0,0.0,0.0,233937.0,0.0,0.0,0.0,0.0,233937.0,233937.0,233937.0
249,2015-01-01,Oromia,31355106.0,28209685.0,22826798.0,4892116.0,490771.0,0.0,0.0,22826798.0,4892116.0,490771.0,0.0,0.0,16182314.0,9716388.0,2310983.0,0.0,0.0,28209685.0,28209685.0,28209685.0
250,2015-01-01,SNNPR,17075128.0,15362216.0,10415824.0,4946392.0,0.0,0.0,0.0,10415824.0,4946392.0,0.0,0.0,0.0,10415824.0,4946392.0,0.0,0.0,0.0,15362216.0,15362216.0,15362216.0
251,2015-01-01,Somali,5490380.0,4939604.0,0.0,4939604.0,0.0,0.0,0.0,0.0,4939604.0,0.0,0.0,0.0,0.0,4939604.0,0.0,0.0,0.0,4939604.0,4939604.0,4939604.0
252,2015-01-01,Tigray,4410666.0,3968203.0,2445582.0,1522621.0,0.0,0.0,0.0,2445582.0,1522621.0,0.0,0.0,0.0,2445582.0,1522621.0,0.0,0.0,0.0,3968203.0,3968203.0,3968203.0
253,2015-04-01,Addis Ababa,3585647.0,3225949.0,3225949.0,0.0,0.0,0.0,0.0,3225949.0,0.0,0.0,0.0,0.0,3225949.0,0.0,0.0,0.0,0.0,3225949.0,3225949.0,3225949.0
254,2015-04-01,Afar,1904414.0,1713369.0,0.0,1460237.0,253132.0,0.0,0.0,0.0,1460237.0,253132.0,0.0,0.0,0.0,1713369.0,0.0,0.0,0.0,1713369.0,1713369.0,1713369.0
255,2015-04-01,Amhara,15442053.0,13892966.0,11862565.0,1565753.0,464648.0,0.0,0.0,11862565.0,1565753.0,464648.0,0.0,0.0,9076450.0,4351868.0,464648.0,0.0,0.0,13892966.0,13892966.0,13892966.0
256,2015-04-01,Benshangul Gumuz,,,,0.0,0.0,0.0,0.0,,0.0,0.0,0.0,0.0,,0.0,0.0,0.0,0.0,0.0,0.0,0.0
257,2015-04-01,Dire Dawa,508918.0,457865.0,0.0,457865.0,0.0,0.0,0.0,0.0,457865.0,0.0,0.0,0.0,0.0,457865.0,0.0,0.0,0.0,457865.0,457865.0,457865.0
258,2015-04-01,Gambela,462832.0,416401.0,416401.0,0.0,0.0,0.0,0.0,416401.0,0.0,0.0,0.0,0.0,416401.0,0.0,0.0,0.0,0.0,416401.0,416401.0,416401.0
259,2015-04-01,Harari,260022.0,233937.0,233937.0,0.0,0.0,0.0,0.0,233937.0,0.0,0.0,0.0,0.0,233937.0,0.0,0.0,0.0,0.0,233937.0,233937.0,233937.0
260,2015-04-01,Oromia,31355106.0,28209685.0,16182314.0,9225617.0,2801754.0,0.0,0.0,16182314.0,9225617.0,2801754.0,0.0,0.0,16182314.0,6644484.0,5382887.0,0.0,0.0,28209685.0,28209685.0,28209685.0
261,2015-04-01,SNNPR,17075128.0,15362216.0,10415824.0,4946392.0,0.0,0.0,0.0,10415824.0,4946392.0,0.0,0.0,0.0,10415824.0,592109.0,4354283.0,0.0,0.0,15362216.0,15362216.0,15362216.0
262,2015-04-01,Somali,5490380.0,4939604.0,0.0,4939604.0,0.0,0.0,0.0,0.0,4939604.0,0.0,0.0,0.0,0.0,4939604.0,0.0,0.0,0.0,4939604.0,4939604.0,4939604.0
263,2015-04-01,Tigray,4410666.0,3968203.0,1200011.0,2768192.0,0.0,0.0,0.0,1200011.0,2768192.0,0.0,0.0,0.0,1200011.0,2768192.0,0.0,0.0,0.0,3968203.0,3968203.0,3968203.0
264,2015-07-01,Addis Ababa,3585647.0,3225949.0,3225949.0,0.0,0.0,0.0,0.0,3225949.0,0.0,0.0,0.0,0.0,3225949.0,0.0,0.0,0.0,0.0,3225949.0,3225949.0,3225949.0
265,2015-07-01,Afar,1904414.0,1713369.0,0.0,1460237.0,253132.0,0.0,0.0,0.0,1460237.0,253132.0,0.0,0.0,0.0,1460237.0,253132.0,0.0,0.0,1713369.0,1713369.0,1713369.0
266,2015-07-01,Amhara,15442053.0,13892966.0,9076450.0,2786115.0,2030401.0,0.0,0.0,9076450.0,2786115.0,2030401.0,0.0,0.0,11862565.0,2030401.0,0.0,0.0,0.0,13892966.0,13892966.0,13892966.0
267,2015-07-01,Benshangul Gumuz,,,,0.0,0.0,0.0,0.0,,0.0,0.0,0.0,0.0,,0.0,0.0,0.0,0.0,0.0,0.0,0.0
268,2015-07-01,Dire Dawa,508918.0,457865.0,0.0,457865.0,0.0,0.0,0.0,0.0,457865.0,0.0,0.0,0.0,0.0,457865.0,0.0,0.0,0.0,457865.0,457865.0,457865.0
269,2015-07-01,Gambela,462832.0,416401.0,416401.0,0.0,0.0,0.0,0.0,416401.0,0.0,0.0,0.0,0.0,416401.0,0.0,0.0,0.0,0.0,416401.0,416401.0,416401.0
270,2015-07-01,Harari,260022.0,233937.0,0.0,233937.0,0.0,0.0,0.0,0.0,233937.0,0.0,0.0,0.0,0.0,233937.0,0.0,0.0,0.0,233937.0,233937.0,233937.0
271,2015-07-01,Oromia,31355106.0,28209685.0,14484162.0,8833407.0,4892116.0,0.0,0.0,14484162.0,8833407.0,4892116.0,0.0,0.0,17763953.0,10445732.0,0.0,0.0,0.0,28209685.0,28209685.0,28209685.0
272,2015-07-01,SNNPR,17075128.0,15362216.0,10415824.0,678482.0,4267910.0,0.0,0.0,10415824.0,678482.0,4267910.0,0.0,0.0,12971376.0,2390840.0,0.0,0.0,0.0,15362216.0,15362216.0,15362216.0
273,2015-07-01,Somali,5490380.0,4939604.0,0.0,4360015.0,579589.0,0.0,0.0,0.0,4360015.0,579589.0,0.0,0.0,2204979.0,2155036.0,579589.0,0.0,0.0,4939604.0,4939604.0,4939604.0
274,2015-07-01,Tigray,4410666.0,3968203.0,1200011.0,2768192.0,0.0,0.0,0.0,1200011.0,2768192.0,0.0,0.0,0.0,2445582.0,1522621.0,0.0,0.0,0.0,3968203.0,3968203.0,3968203.0
275,2015-10-01,Addis Ababa,3585647.0,3225949.0,3225949.0,0.0,0.0,0.0,0.0,3225949.0,0.0,0.0,0.0,0.0,3225949.0,0.0,0.0,0.0,0.0,3225949.0,3225949.0,3225949.0
276,2015-10-01,Afar,1904414.0,1713369.0,0.0,0.0,1460237.0,253132.0,0.0,0.0,0.0,1460237.0,253132.0,0.0,0.0,0.0,1460237.0,253132.0,0.0,1713369.0,1713369.0,1713369.0
277,2015-10-01,Amhara,15442053.0,13892966.0,7013393.0,4336525.0,2543048.0,0.0,0.0,7013393.0,4336525.0,2543048.0,0.0,0.0,7013393.0,4336525.0,2543048.0,0.0,0.0,13892966.0,13892966.0,13892966.0
278,2015-10-01,Benshangul Gumuz,,,,0.0,0.0,0.0,0.0,,0.0,0.0,0.0,0.0,,0.0,0.0,0.0,0.0,0.0,0.0,0.0
279,2015-10-01,Dire Dawa,508918.0,457865.0,0.0,0.0,457865.0,0.0,0.0,0.0,0.0,457865.0,0.0,0.0,0.0,0.0,457865.0,0.0,0.0,457865.0,457865.0,457865.0
280,2015-10-01,Gambela,462832.0,416401.0,416401.0,0.0,0.0,0.0,0.0,416401.0,0.0,0.0,0.0,0.0,416401.0,0.0,0.0,0.0,0.0,416401.0,416401.0,416401.0
281,2015-10-01,Harari,260022.0,233937.0,0.0,0.0,233937.0,0.0,0.0,0.0,0.0,233937.0,0.0,0.0,0.0,0.0,233937.0,0.0,0.0,233937.0,233937.0,233937.0
282,2015-10-01,Oromia,31355106.0,28209685.0,11010202.0,6932403.0,10267080.0,0.0,0.0,11010202.0,6932403.0,10267080.0,0.0,0.0,11010202.0,6932403.0,4591404.0,5675676.0,0.0,28209685.0,28209685.0,28209685.0
283,2015-10-01,SNNPR,17075128.0,15362216.0,11441789.0,1798731.0,2121696.0,0.0,0.0,11441789.0,1798731.0,2121696.0,0.0,0.0,11441789.0,1798731.0,2121696.0,0.0,0.0,15362216.0,15362216.0,15362216.0
284,2015-10-01,Somali,5490380.0,4939604.0,0.0,4360015.0,0.0,579589.0,0.0,0.0,4360015.0,0.0,579589.0,0.0,0.0,4360015.0,0.0,579589.0,0.0,4939604.0,4939604.0,4939604.0
285,2015-10-01,Tigray,4410666.0,3968203.0,1200011.0,0.0,2768192.0,0.0,0.0,1200011.0,0.0,2768192.0,0.0,0.0,1200011.0,0.0,2768192.0,0.0,0.0,3968203.0,3968203.0,3968203.0
286,2016-02-01,Addis Ababa,3585647.0,3314505.0,3314505.0,0.0,0.0,0.0,0.0,3314505.0,0.0,0.0,0.0,0.0,3314505.0,0.0,0.0,0.0,0.0,3314505.0,3314505.0,3314505.0
287,2016-02-01,Afar,1904414.0,1760403.0,0.0,0.0,1500322.0,260081.0,0.0,0.0,0.0,1500322.0,260081.0,0.0,0.0,0.0,1500322.0,260081.0,0.0,1760403.0,1760403.0,1760403.0
288,2016-02-01,Amhara,15442053.0,14274343.0,9541796.0,2119690.0,2612857.0,0.0,0.0,9541796.0,0.0,4255144.0,477403.0,0.0,7205919.0,0.0,6064302.0,1004122.0,0.0,14274343.0,14274343.0,14274343.0
289,2016-02-01,Benshangul Gumuz,,,,0.0,0.0,0.0,0.0,,0.0,0.0,0.0,0.0,,0.0,0.0,0.0,0.0,0.0,0.0,0.0
290,2016-02-01,Dire Dawa,508918.0,470434.0,0.0,0.0,470434.0,0.0,0.0,0.0,0.0,470434.0,0.0,0.0,0.0,0.0,470434.0,0.0,0.0,470434.0,470434.0,470434.0
291,2016-02-01,Gambela,462832.0,427832.0,427832.0,0.0,0.0,0.0,0.0,427832.0,0.0,0.0,0.0,0.0,427832.0,0.0,0.0,0.0,0.0,427832.0,427832.0,427832.0
292,2016-02-01,Harari,260022.0,240359.0,0.0,0.0,240359.0,0.0,0.0,0.0,0.0,240359.0,0.0,0.0,0.0,0.0,240359.0,0.0,0.0,240359.0,240359.0,240359.0
293,2016-02-01,Oromia,31355106.0,28984073.0,11312445.0,7122705.0,4717443.0,5831480.0,0.0,11312445.0,3752880.0,8087268.0,5831480.0,0.0,11312445.0,2249011.0,9591137.0,5831480.0,0.0,28984073.0,28984073.0,28984073.0
294,2016-02-01,SNNPR,17075128.0,15783925.0,11755878.0,3419684.0,608363.0,0.0,0.0,11755878.0,3419684.0,608363.0,0.0,0.0,8781035.0,6394527.0,608363.0,0.0,0.0,15783925.0,15783925.0,15783925.0
295,2016-02-01,Somali,5490380.0,5075201.0,3330967.0,1148735.0,0.0,595499.0,0.0,3330967.0,1148735.0,0.0,595499.0,0.0,3330967.0,1148735.0,0.0,595499.0,0.0,5075201.0,5075201.0,5075201.0
296,2016-02-01,Tigray,4410666.0,4077135.0,407239.0,3669896.0,0.0,0.0,0.0,407239.0,3669896.0,0.0,0.0,0.0,407239.0,825714.0,2844182.0,0.0,0.0,4077135.0,4077135.0,4077135.0
297,2016-06-01,Addis Ababa,3585647.0,3314505.0,3314505.0,0.0,0.0,0.0,0.0,3314505.0,0.0,0.0,0.0,0.0,3314505.0,0.0,0.0,0.0,0.0,3314505.0,3314505.0,3314505.0
298,2016-06-01,Afar,1904414.0,1760403.0,0.0,1500322.0,260081.0,0.0,0.0,0.0,1500322.0,260081.0,0.0,0.0,0.0,1500322.0,260081.0,0.0,0.0,1760403.0,1760403.0,1760403.0
299,2016-06-01,Amhara,15442053.0,14274343.0,7205919.0,6064302.0,1004122.0,0.0,0.0,7205919.0,6064302.0,1004122.0,0.0,0.0,12188205.0,2086138.0,0.0,0.0,0.0,14274343.0,14274343.0,14274343.0
300,2016-06-01,Benshangul Gumuz,,,,0.0,0.0,0.0,0.0,,0.0,0.0,0.0,0.0,,0.0,0.0,0.0,0.0,0.0,0.0,0.0
301,2016-06-01,Dire Dawa,508918.0,470434.0,0.0,0.0,470434.0,0.0,0.0,0.0,0.0,470434.0,0.0,0.0,0.0,470434.0,0.0,0.0,0.0,470434.0,470434.0,470434.0
302,2016-06-01,Gambela,462832.0,427832.0,427832.0,0.0,0.0,0.0,0.0,427832.0,0.0,0.0,0.0,0.0,427832.0,0.0,0.0,0.0,0.0,427832.0,427832.0,427832.0
303,2016-06-01,Harari,260022.0,240359.0,0.0,0.0,240359.0,0.0,0.0,0.0,0.0,240359.0,0.0,0.0,0.0,240359.0,0.0,0.0,0.0,240359.0,240359.0,240359.0
304,2016-06-01,Oromia,31355106.0,28984073.0,11312445.0,9188160.0,8483468.0,0.0,0.0,11312445.0,9188160.0,8483468.0,0.0,0.0,20903582.0,8080491.0,0.0,0.0,0.0,28984073.0,28984073.0,28984073.0
305,2016-06-01,SNNPR,17075128.0,15783925.0,10709632.0,4465930.0,608363.0,0.0,0.0,10709632.0,4465930.0,608363.0,0.0,0.0,15783925.0,0.0,0.0,0.0,0.0,15783925.0,15783925.0,15783925.0
306,2016-06-01,Somali,5490380.0,5075201.0,2863979.0,1615723.0,595499.0,0.0,0.0,2863979.0,1615723.0,595499.0,0.0,0.0,0.0,4479702.0,595499.0,0.0,0.0,5075201.0,5075201.0,5075201.0
307,2016-06-01,Tigray,4410666.0,4077135.0,407239.0,3669896.0,0.0,0.0,0.0,407239.0,3669896.0,0.0,0.0,0.0,4077135.0,0.0,0.0,0.0,0.0,4077135.0,4077135.0,4077135.0
308,2016-10-01,Addis Ababa,3585647.0,3314505.0,3314505.0,0.0,0.0,0.0,0.0,3314505.0,0.0,0.0,0.0,0.0,3314505.0,0.0,0.0,0.0,0.0,3314505.0,3314505.0,3314505.0
309,2016-10-01,Afar,1904414.0,1760403.0,0.0,1500322.0,260081.0,0.0,0.0,0.0,1500322.0,260081.0,0.0,0.0,0.0,1500322.0,260081.0,0.0,0.0,1760403.0,1760403.0,1760403.0
310,2016-10-01,Amhara,15442053.0,14274343.0,13796940.0,477403.0,0.0,0.0,0.0,13796940.0,477403.0,0.0,0.0,0.0,9852328.0,3944612.0,477403.0,0.0,0.0,14274343.0,14274343.0,14274343.0
311,2016-10-01,Benshangul Gumuz,,,,0.0,0.0,0.0,0.0,,0.0,0.0,0.0,0.0,,0.0,0.0,0.0,0.0,0.0,0.0,0.0
312,2016-10-01,Dire Dawa,508918.0,470434.0,0.0,470434.0,0.0,0.0,0.0,470434.0,0.0,0.0,0.0,0.0,0.0,470434.0,0.0,0.0,0.0,470434.0,470434.0,470434.0
313,2016-10-01,Gambela,462832.0,427832.0,427832.0,0.0,0.0,0.0,0.0,427832.0,0.0,0.0,0.0,0.0,427832.0,0.0,0.0,0.0,0.0,427832.0,427832.0,427832.0
314,2016-10-01,Harari,260022.0,240359.0,0.0,240359.0,0.0,0.0,0.0,240359.0,0.0,0.0,0.0,0.0,0.0,240359.0,0.0,0.0,0.0,240359.0,240359.0,240359.0
315,2016-10-01,Oromia,31355106.0,28984073.0,11312445.0,17671628.0,0.0,0.0,0.0,20903582.0,8080491.0,0.0,0.0,0.0,20903582.0,2374422.0,5706069.0,0.0,0.0,28984073.0,28984073.0,28984073.0
316,2016-10-01,SNNPR,17075128.0,15783925.0,15086818.0,697107.0,0.0,0.0,0.0,15086818.0,697107.0,0.0,0.0,0.0,5761704.0,6350271.0,3671950.0,0.0,0.0,15783925.0,15783925.0,15783925.0
317,2016-10-01,Somali,5490380.0,5075201.0,0.0,4479702.0,595499.0,0.0,0.0,0.0,4479702.0,595499.0,0.0,0.0,0.0,1741334.0,3333867.0,0.0,0.0,5075201.0,5075201.0,5075201.0
318,2016-10-01,Tigray,4410666.0,4077135.0,4077135.0,0.0,0.0,0.0,0.0,4077135.0,0.0,0.0,0.0,0.0,1232953.0,2844182.0,0.0,0.0,0.0,4077135.0,4077135.0,4077135.0
319,2017-06-01,Addis Ababa,3585647.0,3403972.0,3403972.0,0.0,0.0,0.0,0.0,3403972.0,0.0,0.0,0.0,0.0,3403972.0,0.0,0.0,0.0,0.0,3403972.0,3403972.0,3403972.0
320,2017-06-01,Afar,1904414.0,1807921.0,0.0,1807921.0,0.0,0.0,0.0,0.0,1807921.0,0.0,0.0,0.0,728720.0,1079201.0,0.0,0.0,0.0,1807921.0,1807921.0,1807921.0
321,2017-06-01,Amhara,15442053.0,14659645.0,12517197.0,1652159.0,490289.0,0.0,0.0,12517197.0,1652159.0,490289.0,0.0,0.0,14169356.0,490289.0,0.0,0.0,0.0,14659645.0,14659645.0,14659645.0
322,2017-06-01,Benshangul Gumuz,,,,0.0,0.0,0.0,0.0,,0.0,0.0,0.0,0.0,,0.0,0.0,0.0,0.0,0.0,0.0,0.0
323,2017-06-01,Dire Dawa,508918.0,483132.0,0.0,0.0,483132.0,0.0,0.0,0.0,0.0,483132.0,0.0,0.0,0.0,483132.0,0.0,0.0,0.0,483132.0,483132.0,483132.0
324,2017-06-01,Gambela,462832.0,439379.0,439379.0,0.0,0.0,0.0,0.0,439379.0,0.0,0.0,0.0,0.0,439379.0,0.0,0.0,0.0,0.0,439379.0,439379.0,439379.0
325,2017-06-01,Harari,260022.0,246847.0,0.0,246847.0,0.0,0.0,0.0,0.0,246847.0,0.0,0.0,0.0,0.0,246847.0,0.0,0.0,0.0,246847.0,246847.0,246847.0
326,2017-06-01,Oromia,31355106.0,29766427.0,19346616.0,9901957.0,517854.0,0.0,0.0,19346616.0,7463443.0,2956368.0,0.0,0.0,23259686.0,6506741.0,0.0,0.0,0.0,29766427.0,29766427.0,29766427.0
327,2017-06-01,SNNPR,17075128.0,16209974.0,5305923.0,6508201.0,4395850.0,0.0,0.0,5305923.0,6508201.0,4395850.0,0.0,0.0,11814124.0,4395850.0,0.0,0.0,0.0,16209974.0,16209974.0,16209974.0
328,2017-06-01,Somali,5490380.0,5212194.0,0.0,2399910.0,1300433.0,1511851.0,0.0,0.0,2399910.0,1300433.0,1511851.0,0.0,0.0,3085717.0,614626.0,1511851.0,0.0,5212194.0,5212194.0,5212194.0
329,2017-06-01,Tigray,4410666.0,4187187.0,1266233.0,2920954.0,0.0,0.0,0.0,1266233.0,2206730.0,714224.0,0.0,0.0,3472963.0,714224.0,0.0,0.0,0.0,4187187.0,4187187.0,4187187.0
330,2017-10-01,Addis Ababa,3585647.0,3403972.0,3403972.0,0.0,0.0,0.0,0.0,3403972.0,0.0,0.0,0.0,0.0,3403972.0,0.0,0.0,0.0,0.0,3403972.0,3403972.0,3403972.0
331,2017-10-01,Afar,1904414.0,1807921.0,0.0,1807921.0,0.0,0.0,0.0,0.0,1807921.0,0.0,0.0,0.0,0.0,1807921.0,0.0,0.0,0.0,1807921.0,1807921.0,1807921.0
332,2017-10-01,Amhara,15442053.0,14659645.0,12517197.0,2142448.0,0.0,0.0,0.0,14169356.0,490289.0,0.0,0.0,0.0,12517197.0,1652159.0,490289.0,0.0,0.0,14659645.0,14659645.0,14659645.0
333,2017-10-01,Benshangul Gumuz,,,,0.0,0.0,0.0,0.0,,0.0,0.0,0.0,0.0,,0.0,0.0,0.0,0.0,0.0,0.0,0.0
334,2017-10-01,Dire Dawa,508918.0,483132.0,0.0,483132.0,0.0,0.0,0.0,0.0,483132.0,0.0,0.0,0.0,0.0,483132.0,0.0,0.0,0.0,483132.0,483132.0,483132.0
335,2017-10-01,Gambela,462832.0,439379.0,439379.0,0.0,0.0,0.0,0.0,439379.0,0.0,0.0,0.0,0.0,439379.0,0.0,0.0,0.0,0.0,439379.0,439379.0,439379.0
336,2017-10-01,Harari,260022.0,246847.0,0.0,246847.0,0.0,0.0,0.0,0.0,246847.0,0.0,0.0,0.0,0.0,246847.0,0.0,0.0,0.0,246847.0,246847.0,246847.0
337,2017-10-01,Oromia,31355106.0,29766427.0,18414907.0,11351520.0,0.0,0.0,0.0,25698200.0,3550373.0,517854.0,0.0,0.0,23906337.0,3550373.0,2309717.0,0.0,0.0,29766427.0,29766427.0,29766427.0
338,2017-10-01,SNNPR,17075128.0,16209974.0,3620241.0,12589733.0,0.0,0.0,0.0,11742438.0,4467536.0,0.0,0.0,0.0,3620241.0,8818667.0,3771066.0,0.0,0.0,16209974.0,16209974.0,16209974.0
339,2017-10-01,Somali,5490380.0,5212194.0,0.0,2477122.0,1844870.0,890202.0,0.0,0.0,1791315.0,2530677.0,890202.0,0.0,0.0,1791315.0,1294402.0,2126477.0,0.0,5212194.0,5212194.0,5212194.0
340,2017-10-01,Tigray,4410666.0,4187187.0,1266233.0,2920954.0,0.0,0.0,0.0,4187187.0,0.0,0.0,0.0,0.0,2580540.0,1606647.0,0.0,0.0,0.0,4187187.0,4187187.0,4187187.0
341,2018-02-01,Addis Ababa,3585647.0,3494335.0,3494335.0,0.0,0.0,0.0,0.0,3494335.0,0.0,0.0,0.0,0.0,3494335.0,0.0,0.0,0.0,0.0,3494335.0,3494335.0,3494335.0
342,2018-02-01,Afar,1904414.0,1855914.0,0.0,1855914.0,0.0,0.0,0.0,0.0,1855914.0,0.0,0.0,0.0,0.0,1855914.0,0.0,0.0,0.0,1855914.0,1855914.0,1855914.0
343,2018-02-01,Amhara,15442053.0,15048804.0,14545499.0,503305.0,0.0,0.0,0.0,12849482.0,2199322.0,0.0,0.0,0.0,10386871.0,4158628.0,503305.0,0.0,0.0,15048804.0,15048804.0,15048804.0
344,2018-02-01,Benshangul Gumuz,,,,0.0,0.0,0.0,0.0,,0.0,0.0,0.0,0.0,,0.0,0.0,0.0,0.0,0.0,0.0,0.0
345,2018-02-01,Dire Dawa,508918.0,495957.0,0.0,495957.0,0.0,0.0,0.0,0.0,495957.0,0.0,0.0,0.0,0.0,495957.0,0.0,0.0,0.0,495957.0,495957.0,495957.0
346,2018-02-01,Gambela,462832.0,451044.0,451044.0,0.0,0.0,0.0,0.0,451044.0,0.0,0.0,0.0,0.0,451044.0,0.0,0.0,0.0,0.0,451044.0,451044.0,451044.0
347,2018-02-01,Harari,260022.0,253400.0,0.0,253400.0,0.0,0.0,0.0,0.0,253400.0,0.0,0.0,0.0,0.0,253400.0,0.0,0.0,0.0,253400.0,253400.0,253400.0
348,2018-02-01,Oromia,31355106.0,30556617.0,22037715.0,6147870.0,2371032.0,0.0,0.0,22037715.0,6679471.0,1839431.0,0.0,0.0,19241842.0,3327474.0,7987301.0,0.0,0.0,30556617.0,30556617.0,30556617.0
349,2018-02-01,SNNPR,17075128.0,16640288.0,3716344.0,12923944.0,0.0,0.0,0.0,5373186.0,11267102.0,0.0,0.0,0.0,3716344.0,12923944.0,0.0,0.0,0.0,16640288.0,16640288.0,16640288.0
350,2018-02-01,Somali,5490380.0,5350559.0,0.0,1838868.0,2597857.0,0.0,0.0,0.0,1838868.0,2597857.0,0.0,0.0,0.0,1838868.0,704012.0,1893845.0,0.0,4436725.0,4436725.0,4436725.0
351,2018-02-01,Tigray,4410666.0,4298341.0,3382228.0,916113.0,0.0,0.0,0.0,1299847.0,2998494.0,0.0,0.0,0.0,1299847.0,733184.0,2265310.0,0.0,0.0,4298341.0,4298341.0,4298341.0
352,2018-06-01,Addis Ababa,3585647.0,3494335.0,3494335.0,0.0,0.0,0.0,0.0,3494335.0,0.0,0.0,0.0,0.0,3494335.0,0.0,0.0,0.0,0.0,3494335.0,3494335.0,3494335.0
353,2018-06-01,Afar,1904414.0,1855914.0,0.0,1855914.0,0.0,0.0,0.0,0.0,1855914.0,0.0,0.0,0.0,0.0,1855914.0,0.0,0.0,0.0,1855914.0,1855914.0,1855914.0
354,2018-06-01,Amhara,15442053.0,15048804.0,10386871.0,4661933.0,0.0,0.0,0.0,10386871.0,4158628.0,503305.0,0.0,0.0,14545499.0,503305.0,0.0,0.0,0.0,15048804.0,15048804.0,15048804.0
355,2018-06-01,Benshangul Gumuz,,,,0.0,0.0,0.0,0.0,,0.0,0.0,0.0,0.0,,0.0,0.0,0.0,0.0,0.0,0.0,0.0
356,2018-06-01,Dire Dawa,508918.0,495957.0,0.0,495957.0,0.0,0.0,0.0,0.0,495957.0,0.0,0.0,0.0,0.0,495957.0,0.0,0.0,0.0,495957.0,495957.0,495957.0
357,2018-06-01,Gambela,462832.0,451044.0,451044.0,0.0,0.0,0.0,0.0,451044.0,0.0,0.0,0.0,0.0,451044.0,0.0,0.0,0.0,0.0,451044.0,451044.0,451044.0
358,2018-06-01,Harari,260022.0,253400.0,0.0,253400.0,0.0,0.0,0.0,0.0,253400.0,0.0,0.0,0.0,0.0,253400.0,0.0,0.0,0.0,253400.0,253400.0,253400.0
359,2018-06-01,Oromia,31355106.0,30556617.0,22037715.0,4874280.0,3644622.0,0.0,0.0,22037715.0,4874280.0,3644622.0,0.0,0.0,24540963.0,2371032.0,3644622.0,0.0,0.0,30556617.0,30556617.0,30556617.0
360,2018-06-01,SNNPR,17075128.0,16640288.0,3716344.0,11820934.0,1103010.0,0.0,0.0,14895908.0,641370.0,1103010.0,0.0,0.0,15537278.0,0.0,1103010.0,0.0,0.0,16640288.0,16640288.0,16640288.0
361,2018-06-01,Somali,5490380.0,5350559.0,0.0,2962473.0,2388086.0,0.0,0.0,0.0,3811974.0,1538585.0,0.0,0.0,0.0,3811974.0,1538585.0,0.0,0.0,5350559.0,5350559.0,5350559.0
362,2018-06-01,Tigray,4410666.0,4298341.0,1299847.0,2998494.0,0.0,0.0,0.0,1299847.0,2998494.0,0.0,0.0,0.0,4298341.0,0.0,0.0,0.0,0.0,4298341.0,4298341.0,4298341.0
363,2018-10-01,Addis Ababa,3585647.0,3494335.0,3494335.0,0.0,0.0,0.0,0.0,3494335.0,0.0,0.0,0.0,0.0,3494335.0,0.0,0.0,0.0,0.0,3494335.0,3494335.0,3494335.0
364,2018-10-01,Afar,1904414.0,1855914.0,0.0,1374725.0,481189.0,0.0,0.0,0.0,1374725.0,481189.0,0.0,0.0,0.0,1374725.0,481189.0,0.0,0.0,1855914.0,1855914.0,1855914.0
365,2018-10-01,Amhara,15442053.0,15048804.0,10386871.0,4661933.0,0.0,0.0,0.0,15048804.0,0.0,0.0,0.0,0.0,14545499.0,503305.0,0.0,0.0,0.0,15048804.0,15048804.0,15048804.0
366,2018-10-01,Benshangul Gumuz,,,,0.0,0.0,0.0,0.0,,0.0,0.0,0.0,0.0,,0.0,0.0,0.0,0.0,0.0,0.0,0.0
367,2018-10-01,Dire Dawa,508918.0,495957.0,0.0,495957.0,0.0,0.0,0.0,495957.0,0.0,0.0,0.0,0.0,0.0,495957.0,0.0,0.0,0.0,495957.0,495957.0,495957.0
368,2018-10-01,Gambela,462832.0,451044.0,451044.0,0.0,0.0,0.0,0.0,451044.0,0.0,0.0,0.0,0.0,451044.0,0.0,0.0,0.0,0.0,451044.0,451044.0,451044.0
369,2018-10-01,Harari,260022.0,253400.0,0.0,253400.0,0.0,0.0,0.0,253400.0,0.0,0.0,0.0,0.0,0.0,253400.0,0.0,0.0,0.0,253400.0,253400.0,253400.0
370,2018-10-01,Oromia,31355106.0,30556617.0,22037715.0,2371032.0,6147870.0,0.0,0.0,22037715.0,4874280.0,3644622.0,0.0,0.0,22569316.0,0.0,7987301.0,0.0,0.0,30556617.0,30556617.0,30556617.0
371,2018-10-01,SNNPR,17075128.0,16640288.0,14802349.0,734929.0,1103010.0,0.0,0.0,15537278.0,0.0,1103010.0,0.0,0.0,14895908.0,641370.0,1103010.0,0.0,0.0,16640288.0,16640288.0,16640288.0
372,2018-10-01,Somali,5490380.0,5350559.0,0.0,3600286.0,1750273.0,0.0,0.0,0.0,4310828.0,1039731.0,0.0,0.0,0.0,4310828.0,1039731.0,0.0,0.0,5350559.0,5350559.0,5350559.0
373,2018-10-01,Tigray,4410666.0,4298341.0,1299847.0,2998494.0,0.0,0.0,0.0,4298341.0,0.0,0.0,0.0,0.0,4298341.0,0.0,0.0,0.0,0.0,4298341.0,4298341.0,4298341.0
374,2018-12-01,Addis Ababa,3585647.0,3494335.0,0.0,0.0,0.0,0.0,0.0,0.0,0.0,0.0,0.0,0.0,0.0,0.0,0.0,0.0,0.0,0.0,0.0,0.0
375,2018-12-01,Afar,1904414.0,1855914.0,0.0,0.0,0.0,0.0,0.0,0.0,0.0,0.0,0.0,0.0,0.0,0.0,0.0,0.0,0.0,0.0,0.0,0.0
376,2018-12-01,Amhara,15442053.0,15048804.0,0.0,0.0,0.0,0.0,0.0,0.0,0.0,0.0,0.0,0.0,0.0,0.0,0.0,0.0,0.0,0.0,0.0,0.0
377,2018-12-01,Benshangul Gumuz,,,0.0,0.0,0.0,0.0,0.0,0.0,0.0,0.0,0.0,0.0,0.0,0.0,0.0,0.0,0.0,0.0,0.0,0.0
378,2018-12-01,Dire Dawa,508918.0,495957.0,0.0,0.0,0.0,0.0,0.0,0.0,0.0,0.0,0.0,0.0,0.0,0.0,0.0,0.0,0.0,0.0,0.0,0.0
379,2018-12-01,Gambela,462832.0,451044.0,0.0,0.0,0.0,0.0,0.0,0.0,0.0,0.0,0.0,0.0,0.0,0.0,0.0,0.0,0.0,0.0,0.0,0.0
380,2018-12-01,Harari,260022.0,253400.0,0.0,0.0,0.0,0.0,0.0,0.0,0.0,0.0,0.0,0.0,0.0,0.0,0.0,0.0,0.0,0.0,0.0,0.0
381,2018-12-01,Oromia,31355106.0,30556617.0,0.0,0.0,0.0,0.0,0.0,0.0,0.0,0.0,0.0,0.0,0.0,0.0,0.0,0.0,0.0,0.0,0.0,0.0
382,2018-12-01,SNNPR,17075128.0,16640288.0,0.0,0.0,0.0,0.0,0.0,0.0,0.0,0.0,0.0,0.0,0.0,0.0,0.0,0.0,0.0,0.0,0.0,0.0
383,2018-12-01,Somali,5490380.0,5350559.0,0.0,0.0,0.0,0.0,0.0,0.0,0.0,0.0,0.0,0.0,0.0,0.0,0.0,0.0,0.0,0.0,0.0,0.0
384,2018-12-01,Tigray,4410666.0,4298341.0,0.0,0.0,0.0,0.0,0.0,0.0,0.0,0.0,0.0,0.0,0.0,0.0,0.0,0.0,0.0,0.0,0.0,0.0
385,2019-02-01,Addis Ababa,3585647.0,3585647.0,3585647.0,0.0,0.0,0.0,0.0,3585647.0,0.0,0.0,0.0,0.0,3585647.0,0.0,0.0,0.0,0.0,3585647.0,3585647.0,3585647.0
386,2019-02-01,Afar,1904414.0,1904414.0,0.0,1133795.0,770619.0,0.0,0.0,0.0,1133795.0,770619.0,0.0,0.0,0.0,1410650.0,493764.0,0.0,0.0,1904414.0,1904414.0,1904414.0
387,2019-02-01,Amhara,15442053.0,15442053.0,15442053.0,0.0,0.0,0.0,0.0,14925596.0,516457.0,0.0,0.0,0.0,13185259.0,1740337.0,516457.0,0.0,0.0,15442053.0,15442053.0,15442053.0
388,2019-02-01,Benshangul Gumuz,,,,0.0,0.0,0.0,0.0,,0.0,0.0,0.0,0.0,,0.0,0.0,0.0,0.0,0.0,0.0,0.0
389,2019-02-01,Dire Dawa,508918.0,508918.0,508918.0,0.0,0.0,0.0,0.0,0.0,508918.0,0.0,0.0,0.0,0.0,508918.0,0.0,0.0,0.0,508918.0,508918.0,508918.0
390,2019-02-01,Gambela,462832.0,462832.0,462832.0,0.0,0.0,0.0,0.0,462832.0,0.0,0.0,0.0,0.0,462832.0,0.0,0.0,0.0,0.0,462832.0,462832.0,462832.0
391,2019-02-01,Harari,260022.0,260022.0,0.0,260022.0,0.0,0.0,0.0,0.0,260022.0,0.0,0.0,0.0,0.0,260022.0,0.0,0.0,0.0,260022.0,260022.0,260022.0
392,2019-02-01,Oromia,31355106.0,31355106.0,22613593.0,5001652.0,3739861.0,0.0,0.0,22613593.0,3114154.0,5627359.0,0.0,0.0,20379174.0,4667410.0,6308522.0,0.0,0.0,31355106.0,31355106.0,31355106.0
393,2019-02-01,SNNPR,17075128.0,17075128.0,15189160.0,1885968.0,0.0,0.0,0.0,6619269.0,9324025.0,1131834.0,0.0,0.0,6619269.0,8665895.0,1789964.0,0.0,0.0,17075128.0,17075128.0,17075128.0
394,2019-02-01,Somali,5490380.0,5490380.0,0.0,2451662.0,3038718.0,0.0,0.0,0.0,861434.0,4628946.0,0.0,0.0,0.0,3180772.0,2309608.0,0.0,0.0,5490380.0,5490380.0,5490380.0
395,2019-02-01,Tigray,4410666.0,4410666.0,4410666.0,0.0,0.0,0.0,0.0,2086159.0,2324507.0,0.0,0.0,0.0,2718269.0,1692397.0,0.0,0.0,0.0,4410666.0,4410666.0,4410666.0
396,2019-06-01,Addis Ababa,3585647.0,3585647.0,3585647.0,0.0,0.0,0.0,0.0,3585647.0,0.0,0.0,0.0,0.0,3585647.0,0.0,0.0,0.0,0.0,3585647.0,3585647.0,3585647.0
397,2019-06-01,Afar,1904414.0,1904414.0,0.0,1410650.0,493764.0,0.0,0.0,0.0,1410650.0,493764.0,0.0,0.0,0.0,1410650.0,493764.0,0.0,0.0,1904414.0,1904414.0,1904414.0
398,2019-06-01,Amhara,15442053.0,15442053.0,13185259.0,1740337.0,516457.0,0.0,0.0,13185259.0,1740337.0,516457.0,0.0,0.0,14925596.0,516457.0,0.0,0.0,0.0,15442053.0,15442053.0,15442053.0
399,2019-06-01,Benshangul Gumuz,,,,0.0,0.0,0.0,0.0,,0.0,0.0,0.0,0.0,,0.0,0.0,0.0,0.0,0.0,0.0,0.0
400,2019-06-01,Dire Dawa,508918.0,508918.0,0.0,508918.0,0.0,0.0,0.0,0.0,508918.0,0.0,0.0,0.0,0.0,508918.0,0.0,0.0,0.0,508918.0,508918.0,508918.0
401,2019-06-01,Gambela,462832.0,462832.0,462832.0,0.0,0.0,0.0,0.0,462832.0,0.0,0.0,0.0,0.0,462832.0,0.0,0.0,0.0,0.0,462832.0,462832.0,462832.0
402,2019-06-01,Harari,260022.0,260022.0,0.0,260022.0,0.0,0.0,0.0,0.0,260022.0,0.0,0.0,0.0,0.0,260022.0,0.0,0.0,0.0,260022.0,260022.0,260022.0
403,2019-06-01,Oromia,31355106.0,31355106.0,20379174.0,2234419.0,8741513.0,0.0,0.0,20379174.0,2234419.0,8741513.0,0.0,0.0,22613593.0,3114154.0,5627359.0,0.0,0.0,31355106.0,31355106.0,31355106.0
404,2019-06-01,SNNPR,17075128.0,17075128.0,4532903.0,9998127.0,2544098.0,0.0,0.0,4532903.0,11410391.0,1131834.0,0.0,0.0,15189160.0,754134.0,1131834.0,0.0,0.0,17075128.0,17075128.0,17075128.0
405,2019-06-01,Somali,5490380.0,5490380.0,0.0,1242707.0,4247673.0,0.0,0.0,0.0,1886921.0,3603459.0,0.0,0.0,0.0,2323359.0,3167021.0,0.0,0.0,5490380.0,5490380.0,5490380.0
406,2019-06-01,Tigray,4410666.0,4410666.0,2718269.0,1692397.0,0.0,0.0,0.0,2718269.0,1692397.0,0.0,0.0,0.0,4410666.0,0.0,0.0,0.0,0.0,4410666.0,4410666.0,4410666.0
407,2019-10-01,Addis Ababa,3585647.0,3585647.0,3585647.0,0.0,0.0,0.0,0.0,3585647.0,0.0,0.0,0.0,0.0,3585647.0,0.0,0.0,0.0,0.0,3585647.0,3585647.0,3585647.0
408,2019-10-01,Afar,1904414.0,1904414.0,0.0,1133795.0,770619.0,0.0,0.0,0.0,1133795.0,770619.0,0.0,0.0,0.0,1133795.0,770619.0,0.0,0.0,1904414.0,1904414.0,1904414.0
409,2019-10-01,Amhara,15442053.0,15442053.0,10658296.0,4267300.0,516457.0,0.0,0.0,12398633.0,3043420.0,0.0,0.0,0.0,10658296.0,1740337.0,3043420.0,0.0,0.0,15442053.0,15442053.0,15442053.0
410,2019-10-01,Benshangul Gumuz,,,,0.0,0.0,0.0,0.0,,0.0,0.0,0.0,0.0,,0.0,0.0,0.0,0.0,0.0,0.0,0.0
411,2019-10-01,Dire Dawa,508918.0,508918.0,0.0,508918.0,0.0,0.0,0.0,0.0,508918.0,0.0,0.0,0.0,0.0,508918.0,0.0,0.0,0.0,508918.0,508918.0,508918.0
412,2019-10-01,Gambela,462832.0,462832.0,462832.0,0.0,0.0,0.0,0.0,462832.0,0.0,0.0,0.0,0.0,462832.0,0.0,0.0,0.0,0.0,462832.0,462832.0,462832.0
413,2019-10-01,Harari,260022.0,260022.0,0.0,260022.0,0.0,0.0,0.0,0.0,260022.0,0.0,0.0,0.0,0.0,260022.0,0.0,0.0,0.0,260022.0,260022.0,260022.0
414,2019-10-01,Oromia,31355106.0,31355106.0,22613593.0,545493.0,8196020.0,0.0,0.0,22613593.0,3114154.0,5627359.0,0.0,0.0,23159086.0,0.0,8196020.0,0.0,0.0,31355106.0,31355106.0,31355106.0
415,2019-10-01,SNNPR,17075128.0,17075128.0,10445372.0,5497922.0,1131834.0,0.0,0.0,14531030.0,2544098.0,0.0,0.0,0.0,4532903.0,10752261.0,1789964.0,0.0,0.0,17075128.0,17075128.0,17075128.0
416,2019-10-01,Somali,5490380.0,5490380.0,0.0,1886921.0,3603459.0,0.0,0.0,0.0,4767970.0,722410.0,0.0,0.0,0.0,4767970.0,722410.0,0.0,0.0,5490380.0,5490380.0,5490380.0
417,2019-10-01,Tigray,4410666.0,4410666.0,2718269.0,752344.0,940053.0,0.0,0.0,3470613.0,940053.0,0.0,0.0,0.0,2718269.0,752344.0,940053.0,0.0,0.0,4410666.0,4410666.0,4410666.0
