,date,ADM1_EN,Total,adjusted_population,CS_1,CS_2,CS_3,CS_4,CS_5,ML1_1,ML1_2,ML1_3,ML1_4,ML1_5,ML2_1,ML2_2,ML2_3,ML2_4,ML2_5,pop_CS,pop_ML1,pop_ML2
0,2009-07-01,Addis Ababa,3585647,3077903,3077903.0,0.0,0.0,0.0,0.0,3077903.0,0.0,0.0,0.0,0.0,3077903.0,0.0,0.0,0.0,0.0,3077903.0,3077903.0,3077903.0
1,2009-07-01,Afar,1904414,1634738,0.0,793494.0,841244.0,0.0,0.0,0.0,793494.0,841244.0,0.0,0.0,0.0,973243.0,661495.0,0.0,0.0,1634738.0,1634738.0,1634738.0
2,2009-07-01,Amhara,21790172,18704582,10758849.0,1968379.0,5977354.0,0.0,0.0,10758849.0,1968379.0,5977354.0,0.0,0.0,8589716.0,10114866.0,0.0,0.0,0.0,18704582.0,18704582.0,18704582.0
3,2009-07-01,Benishangul Gumz,1102849,946679,946679.0,0.0,0.0,0.0,0.0,946679.0,0.0,0.0,0.0,0.0,946679.0,0.0,0.0,0.0,0.0,946679.0,946679.0,946679.0
4,2009-07-01,Dire Dawa,508918,436852,0.0,436852.0,0.0,0.0,0.0,0.0,436852.0,0.0,0.0,0.0,0.0,436852.0,0.0,0.0,0.0,436852.0,436852.0,436852.0
5,2009-07-01,Gambela,462832,397291,70059.0,327232.0,0.0,0.0,0.0,70059.0,0.0,327232.0,0.0,0.0,70059.0,327232.0,0.0,0.0,0.0,397291.0,397291.0,397291.0
6,2009-07-01,Harari,260022,223201,0.0,223201.0,0.0,0.0,0.0,0.0,223201.0,0.0,0.0,0.0,0.0,223201.0,0.0,0.0,0.0,223201.0,223201.0,223201.0
7,2009-07-01,Oromia,37843293,32484505,13288642.0,3777621.0,15418242.0,0.0,0.0,13288642.0,3777621.0,15418242.0,0.0,0.0,11370627.0,18221112.0,2892766.0,0.0,0.0,32484505.0,32484505.0,32484505.0
8,2009-07-01,SNNP,20262695,17393397,1913615.0,1313374.0,14166408.0,0.0,0.0,1913615.0,1313374.0,14166408.0,0.0,0.0,1913615.0,13225811.0,2253971.0,0.0,0.0,17393397.0,17393397.0,17393397.0
9,2009-07-01,Somali,6216411,5336135,0.0,0.0,3007875.0,2328260.0,0.0,0.0,0.0,2012122.0,3324013.0,0.0,0.0,1619724.0,1388151.0,2328260.0,0.0,5336135.0,5336135.0,5336135.0
10,2009-07-01,Tigray,5357192,4598587,378168.0,1955181.0,2265238.0,0.0,0.0,378168.0,1955181.0,2265238.0,0.0,0.0,378168.0,4220419.0,0.0,0.0,0.0,4598587.0,4598587.0,4598587.0
11,2009-10-01,Addis Ababa,3585647,3077903,3077903.0,0.0,0.0,0.0,0.0,3077903.0,0.0,0.0,0.0,0.0,3077903.0,0.0,0.0,0.0,0.0,3077903.0,3077903.0,3077903.0
12,2009-10-01,Afar,1904414,1634738,0.0,793494.0,841244.0,0.0,0.0,0.0,1634738.0,0.0,0.0,0.0,0.0,0.0,1634738.0,0.0,0.0,1634738.0,1634738.0,1634738.0
13,2009-10-01,Amhara,21790172,18704582,10758849.0,1968379.0,5977354.0,0.0,0.0,8589716.0,10114866.0,0.0,0.0,0.0,8589716.0,10114866.0,0.0,0.0,0.0,18704582.0,18704582.0,18704582.0
14,2009-10-01,Benishangul Gumz,1102849,946679,946679.0,0.0,0.0,0.0,0.0,946679.0,0.0,0.0,0.0,0.0,946679.0,0.0,0.0,0.0,0.0,946679.0,946679.0,946679.0
15,2009-10-01,Dire Dawa,508918,436852,0.0,436852.0,0.0,0.0,0.0,0.0,436852.0,0.0,0.0,0.0,0.0,436852.0,0.0,0.0,0.0,436852.0,436852.0,436852.0
16,2009-10-01,Gambela,462832,397291,70059.0,0.0,327232.0,0.0,0.0,70059.0,0.0,327232.0,0.0,0.0,70059.0,0.0,327232.0,0.0,0.0,397291.0,397291.0,397291.0
17,2009-10-01,Harari,260022,223201,0.0,223201.0,0.0,0.0,0.0,0.0,223201.0,0.0,0.0,0.0,0.0,223201.0,0.0,0.0,0.0,223201.0,223201.0,223201.0
18,2009-10-01,Oromia,37843293,32484505,13288642.0,3777621.0,15418242.0,0.0,0.0,11370627.0,17752864.0,3361014.0,0.0,0.0,11370627.0,17752864.0,3361014.0,0.0,0.0,32484505.0,32484505.0,32484505.0
19,2009-10-01,SNNP,20262695,17393397,1913615.0,1313374.0,14166408.0,0.0,0.0,1913615.0,14844717.0,635065.0,0.0,0.0,1913615.0,14844717.0,635065.0,0.0,0.0,17393397.0,17393397.0,17393397.0
20,2009-10-01,Somali,6216411,5336135,0.0,0.0,2012122.0,3324013.0,0.0,0.0,1619724.0,3716411.0,0.0,0.0,0.0,0.0,5336135.0,0.0,0.0,5336135.0,5336135.0,5336135.0
21,2009-10-01,Tigray,5357192,4598587,378168.0,1955181.0,2265238.0,0.0,0.0,378168.0,4220419.0,0.0,0.0,0.0,378168.0,4220419.0,0.0,0.0,0.0,4598587.0,4598587.0,4598587.0
22,2010-01-01,Addis Ababa,3585647,3164789,3164789.0,0.0,0.0,0.0,0.0,3164789.0,0.0,0.0,0.0,0.0,3164789.0,0.0,0.0,0.0,0.0,3164789.0,3164789.0,3164789.0
23,2010-01-01,Afar,1904414,1680884,0.0,433156.0,1247728.0,0.0,0.0,0.0,0.0,1113324.0,567560.0,0.0,0.0,0.0,1432551.0,248333.0,0.0,1680884.0,1680884.0,1680884.0
24,2010-01-01,Amhara,21790172,19232588,8832192.0,9944558.0,455838.0,0.0,0.0,8832192.0,8408490.0,1536068.0,455838.0,0.0,8832192.0,3015882.0,5392608.0,1991906.0,0.0,19232588.0,19232588.0,19232588.0
25,2010-01-01,Benishangul Gumz,1102849,973403,973403.0,0.0,0.0,0.0,0.0,422921.0,550482.0,0.0,0.0,0.0,422921.0,550482.0,0.0,0.0,0.0,973403.0,973403.0,973403.0
26,2010-01-01,Dire Dawa,508918,449184,0.0,449184.0,0.0,0.0,0.0,0.0,0.0,449184.0,0.0,0.0,0.0,0.0,449184.0,0.0,0.0,449184.0,449184.0,449184.0
27,2010-01-01,Gambela,462832,408506,72037.0,0.0,336469.0,0.0,0.0,72037.0,0.0,0.0,336469.0,0.0,72037.0,0.0,0.0,336469.0,0.0,408506.0,408506.0,408506.0
28,2010-01-01,Harari,260022,229502,0.0,229502.0,0.0,0.0,0.0,0.0,0.0,229502.0,0.0,0.0,0.0,0.0,229502.0,0.0,0.0,229502.0,229502.0,229502.0
29,2010-01-01,Oromia,37843293,33401502,11691607.0,18254004.0,3455891.0,0.0,0.0,14223804.0,7705416.0,11472282.0,0.0,0.0,16195962.0,5733258.0,5904211.0,5568071.0,0.0,33401502.0,33401502.0,33401502.0
30,2010-01-01,SNNP,20262695,17884390,1967633.0,14598146.0,1318611.0,0.0,0.0,1967633.0,13754850.0,2161907.0,0.0,0.0,1967633.0,5982231.0,8700651.0,1233875.0,0.0,17884390.0,17884390.0,17884390.0
31,2010-01-01,Somali,6216411,5486766,0.0,1665446.0,3821320.0,0.0,0.0,0.0,0.0,4090516.0,1396250.0,0.0,0.0,0.0,4918166.0,568600.0,0.0,5486766.0,5486766.0,5486766.0
32,2010-01-01,Tigray,5357192,4728399,388843.0,3675517.0,664039.0,0.0,0.0,388843.0,2010373.0,1665144.0,664039.0,0.0,388843.0,788417.0,2051672.0,1499467.0,0.0,4728399.0,4728399.0,4728399.0
33,2010-04-01,Addis Ababa,3585647,3164789,3164789.0,0.0,0.0,0.0,0.0,3164789.0,0.0,0.0,0.0,0.0,3164789.0,0.0,0.0,0.0,0.0,3164789.0,3164789.0,3164789.0
34,2010-04-01,Afar,1904414,1680884,0.0,1000716.0,680168.0,0.0,0.0,0.0,1000716.0,680168.0,0.0,0.0,0.0,1000716.0,680168.0,0.0,0.0,1680884.0,1680884.0,1680884.0
35,2010-04-01,Amhara,21790172,19232588,11062557.0,3651254.0,4062939.0,455838.0,0.0,11062557.0,3651254.0,4062939.0,455838.0,0.0,8832192.0,2038995.0,7905563.0,455838.0,0.0,19232588.0,19232588.0,19232588.0
36,2010-04-01,Benishangul Gumz,1102849,973403,556185.0,417218.0,0.0,0.0,0.0,556185.0,417218.0,0.0,0.0,0.0,556185.0,0.0,417218.0,0.0,0.0,973403.0,973403.0,973403.0
37,2010-04-01,Dire Dawa,508918,449184,0.0,449184.0,0.0,0.0,0.0,0.0,449184.0,0.0,0.0,0.0,0.0,449184.0,0.0,0.0,0.0,449184.0,449184.0,449184.0
38,2010-04-01,Gambela,462832,408506,72037.0,0.0,336469.0,0.0,0.0,72037.0,0.0,336469.0,0.0,0.0,72037.0,336469.0,0.0,0.0,0.0,408506.0,408506.0,408506.0
39,2010-04-01,Harari,260022,229502,0.0,0.0,229502.0,0.0,0.0,0.0,0.0,229502.0,0.0,0.0,0.0,0.0,229502.0,0.0,0.0,229502.0,229502.0,229502.0
40,2010-04-01,Oromia,37843293,33401502,19829592.0,6031681.0,7540229.0,0.0,0.0,19829592.0,6031681.0,7540229.0,0.0,0.0,19829592.0,2147422.0,11424488.0,0.0,0.0,33401502.0,33401502.0,33401502.0
41,2010-04-01,SNNP,20262695,17884390,1967633.0,14682882.0,1233875.0,0.0,0.0,1967633.0,14682882.0,1233875.0,0.0,0.0,1967633.0,14407842.0,1508915.0,0.0,0.0,17884390.0,17884390.0,17884390.0
42,2010-04-01,Somali,6216411,5486766,0.0,3664222.0,1822544.0,0.0,0.0,0.0,3664222.0,1822544.0,0.0,0.0,0.0,3664222.0,1822544.0,0.0,0.0,5486766.0,5486766.0,5486766.0
43,2010-04-01,Tigray,5357192,4728399,388843.0,788417.0,3551139.0,0.0,0.0,388843.0,788417.0,3551139.0,0.0,0.0,388843.0,1452456.0,2887100.0,0.0,0.0,4728399.0,4728399.0,4728399.0
44,2010-07-01,Addis Ababa,3585647,3164789,0.0,0.0,3164789.0,0.0,0.0,0.0,0.0,3164789.0,0.0,0.0,0.0,3164789.0,0.0,0.0,0.0,3164789.0,3164789.0,3164789.0
45,2010-07-01,Afar,1904414,1680884,0.0,1000716.0,680168.0,0.0,0.0,0.0,1000716.0,680168.0,0.0,0.0,0.0,1680884.0,0.0,0.0,0.0,1680884.0,1680884.0,1680884.0
46,2010-07-01,Amhara,21790172,19232588,8832192.0,3368664.0,7031732.0,0.0,0.0,8832192.0,3368664.0,7031732.0,0.0,0.0,8832192.0,8864328.0,1536068.0,0.0,0.0,19232588.0,19232588.0,19232588.0
47,2010-07-01,Benishangul Gumz,1102849,973403,618334.0,355069.0,0.0,0.0,0.0,618334.0,355069.0,0.0,0.0,0.0,618334.0,355069.0,0.0,0.0,0.0,973403.0,973403.0,973403.0
48,2010-07-01,Dire Dawa,508918,449184,0.0,0.0,166757.0,0.0,0.0,0.0,0.0,166757.0,0.0,0.0,0.0,166757.0,0.0,0.0,0.0,166757.0,166757.0,166757.0
49,2010-07-01,Gambela,462832,408506,0.0,0.0,408506.0,0.0,0.0,0.0,0.0,408506.0,0.0,0.0,0.0,189158.0,219348.0,0.0,0.0,408506.0,408506.0,408506.0
50,2010-07-01,Harari,260022,229502,229502.0,0.0,0.0,0.0,0.0,229502.0,0.0,0.0,0.0,0.0,229502.0,0.0,0.0,0.0,0.0,229502.0,229502.0,229502.0
51,2010-07-01,Oromia,37843293,33401502,15532273.0,10329000.0,7540229.0,0.0,0.0,15532273.0,10329000.0,7540229.0,0.0,0.0,16217685.0,15036395.0,2147422.0,0.0,0.0,33401502.0,33401502.0,33401502.0
52,2010-07-01,SNNP,20262695,17884390,2199191.0,12334802.0,3350397.0,0.0,0.0,2199191.0,12334802.0,3350397.0,0.0,0.0,2199191.0,15685199.0,0.0,0.0,0.0,17884390.0,17884390.0,17884390.0
53,2010-07-01,Somali,6216411,5486766,0.0,5249427.0,237339.0,0.0,0.0,0.0,5249427.0,237339.0,0.0,0.0,0.0,1665446.0,3821320.0,0.0,0.0,5486766.0,5486766.0,5486766.0
54,2010-07-01,Tigray,5357192,4728399,388843.0,788417.0,3551139.0,0.0,0.0,388843.0,788417.0,3551139.0,0.0,0.0,388843.0,3675517.0,664039.0,0.0,0.0,4728399.0,4728399.0,4728399.0
55,2010-10-01,Addis Ababa,3585647,3164789,0.0,0.0,3164789.0,0.0,0.0,3164789.0,0.0,0.0,0.0,0.0,3164789.0,0.0,0.0,0.0,0.0,3164789.0,3164789.0,3164789.0
56,2010-10-01,Afar,1904414,1680884,0.0,1000716.0,680168.0,0.0,0.0,0.0,1680884.0,0.0,0.0,0.0,0.0,1245075.0,435809.0,0.0,0.0,1680884.0,1680884.0,1680884.0
57,2010-10-01,Amhara,21790172,19232588,8832192.0,3368664.0,7031732.0,0.0,0.0,8832192.0,8864328.0,1536068.0,0.0,0.0,8832192.0,8864328.0,1536068.0,0.0,0.0,19232588.0,19232588.0,19232588.0
58,2010-10-01,Benishangul Gumz,1102849,973403,618334.0,355069.0,0.0,0.0,0.0,973403.0,0.0,0.0,0.0,0.0,973403.0,0.0,0.0,0.0,0.0,973403.0,973403.0,973403.0
59,2010-10-01,Dire Dawa,508918,449184,0.0,0.0,166757.0,0.0,0.0,0.0,449184.0,0.0,0.0,0.0,0.0,449184.0,0.0,0.0,0.0,166757.0,449184.0,449184.0
60,2010-10-01,Gambela,462832,408506,0.0,0.0,408506.0,0.0,0.0,261195.0,147311.0,0.0,0.0,0.0,261195.0,0.0,147311.0,0.0,0.0,408506.0,408506.0,408506.0
61,2010-10-01,Harari,260022,229502,229502.0,0.0,0.0,0.0,0.0,0.0,229502.0,0.0,0.0,0.0,0.0,229502.0,0.0,0.0,0.0,229502.0,229502.0,229502.0
62,2010-10-01,Oromia,37843293,33401502,15532273.0,10329000.0,7540229.0,0.0,0.0,17441413.0,13692920.0,2267169.0,0.0,0.0,17441413.0,13692920.0,2267169.0,0.0,0.0,33401502.0,33401502.0,33401502.0
63,2010-10-01,SNNP,20262695,17884390,2199191.0,12334802.0,3350397.0,0.0,0.0,2132687.0,15751703.0,0.0,0.0,0.0,2132687.0,7964191.0,7787512.0,0.0,0.0,17884390.0,17884390.0,17884390.0
64,2010-10-01,Somali,6216411,5486766,0.0,5249427.0,237339.0,0.0,0.0,0.0,3658614.0,1828152.0,0.0,0.0,0.0,3658614.0,1828152.0,0.0,0.0,5486766.0,5486766.0,5486766.0
65,2010-10-01,Tigray,5357192,4728399,388843.0,788417.0,3551139.0,0.0,0.0,388843.0,4339556.0,0.0,0.0,0.0,388843.0,4339556.0,0.0,0.0,0.0,4728399.0,4728399.0,4728399.0
66,2011-01-01,Addis Ababa,3585647,3255065,3255065.0,0.0,0.0,0.0,0.0,3255065.0,0.0,0.0,0.0,0.0,3255065.0,0.0,0.0,0.0,0.0,3255065.0,3255065.0,3255065.0
67,2011-01-01,Afar,1904414,1728834,0.0,696843.0,1031991.0,0.0,0.0,0.0,696843.0,1031991.0,0.0,0.0,0.0,445513.0,1283321.0,0.0,0.0,1728834.0,1728834.0,1728834.0
68,2011-01-01,Amhara,21790172,19781205,9084134.0,10697071.0,0.0,0.0,0.0,9084134.0,10697071.0,0.0,0.0,0.0,9084134.0,10697071.0,0.0,0.0,0.0,19781205.0,19781205.0,19781205.0
69,2011-01-01,Benishangul Gumz,1102849,1001169,937247.0,63922.0,0.0,0.0,0.0,937247.0,63922.0,0.0,0.0,0.0,635972.0,365197.0,0.0,0.0,0.0,1001169.0,1001169.0,1001169.0
70,2011-01-01,Dire Dawa,508918,461997,0.0,461997.0,0.0,0.0,0.0,0.0,461997.0,0.0,0.0,0.0,0.0,461997.0,0.0,0.0,0.0,461997.0,461997.0,461997.0
71,2011-01-01,Gambela,462832,420159,0.0,268646.0,151513.0,0.0,0.0,0.0,268646.0,151513.0,0.0,0.0,0.0,268646.0,151513.0,0.0,0.0,420159.0,420159.0,420159.0
72,2011-01-01,Harari,260022,236049,0.0,236049.0,0.0,0.0,0.0,0.0,236049.0,0.0,0.0,0.0,0.0,236049.0,0.0,0.0,0.0,236049.0,236049.0,236049.0
73,2011-01-01,Oromia,37843293,34354294,14543273.0,10529646.0,9281375.0,0.0,0.0,14543273.0,10529646.0,9281375.0,0.0,0.0,14543273.0,10529646.0,9281375.0,0.0,0.0,34354294.0,34354294.0,34354294.0
74,2011-01-01,SNNP,20262695,18394550,2193523.0,15516421.0,684606.0,0.0,0.0,2193523.0,15516421.0,684606.0,0.0,0.0,2193523.0,14844802.0,1356225.0,0.0,0.0,18394550.0,18394550.0,18394550.0
75,2011-01-01,Somali,6216411,5643278,0.0,1712954.0,3930324.0,0.0,0.0,0.0,1712954.0,3930324.0,0.0,0.0,0.0,1128134.0,2052872.0,2462272.0,0.0,5643278.0,5643278.0,5643278.0
76,2011-01-01,Tigray,5357192,4863280,399935.0,4463345.0,0.0,0.0,0.0,399935.0,4463345.0,0.0,0.0,0.0,399935.0,4463345.0,0.0,0.0,0.0,4863280.0,4863280.0,4863280.0
77,2011-04-01,Addis Ababa,3585647,3255065,3255065.0,0.0,0.0,0.0,0.0,3255065.0,0.0,0.0,0.0,0.0,3255065.0,0.0,0.0,0.0,0.0,3255065.0,3255065.0,3255065.0
78,2011-04-01,Afar,1904414,1728834,0.0,0.0,1728834.0,0.0,0.0,0.0,0.0,1728834.0,0.0,0.0,0.0,0.0,1728834.0,0.0,0.0,1728834.0,1728834.0,1728834.0
79,2011-04-01,Amhara,21790172,19781205,9084134.0,10228230.0,468841.0,0.0,0.0,9084134.0,10228230.0,468841.0,0.0,0.0,9084134.0,10228230.0,468841.0,0.0,0.0,19781205.0,19781205.0,19781205.0
80,2011-04-01,Benishangul Gumz,1102849,1001169,572050.0,429119.0,0.0,0.0,0.0,572050.0,429119.0,0.0,0.0,0.0,572050.0,429119.0,0.0,0.0,0.0,1001169.0,1001169.0,1001169.0
81,2011-04-01,Dire Dawa,508918,461997,0.0,461997.0,0.0,0.0,0.0,0.0,461997.0,0.0,0.0,0.0,0.0,461997.0,0.0,0.0,0.0,461997.0,461997.0,461997.0
82,2011-04-01,Gambela,462832,420159,0.0,268646.0,151513.0,0.0,0.0,0.0,268646.0,151513.0,0.0,0.0,268646.0,0.0,151513.0,0.0,0.0,420159.0,420159.0,420159.0
83,2011-04-01,Harari,260022,236049,0.0,0.0,236049.0,0.0,0.0,0.0,0.0,236049.0,0.0,0.0,0.0,0.0,236049.0,0.0,0.0,236049.0,236049.0,236049.0
84,2011-04-01,Oromia,37843293,34354294,12025114.0,15379646.0,6949534.0,0.0,0.0,12025114.0,15379646.0,6949534.0,0.0,0.0,12025114.0,7133983.0,15195197.0,0.0,0.0,34354294.0,34354294.0,34354294.0
85,2011-04-01,SNNP,20262695,18394550,2262073.0,7669077.0,8463400.0,0.0,0.0,2262073.0,7669077.0,8463400.0,0.0,0.0,2262073.0,2663089.0,13469388.0,0.0,0.0,18394550.0,18394550.0,18394550.0
86,2011-04-01,Somali,6216411,5643278,0.0,0.0,3181006.0,2462272.0,0.0,0.0,0.0,3181006.0,2462272.0,0.0,0.0,0.0,3181006.0,2462272.0,0.0,5643278.0,5643278.0,5643278.0
87,2011-04-01,Tigray,5357192,4863280,399935.0,4463345.0,0.0,0.0,0.0,399935.0,4463345.0,0.0,0.0,0.0,399935.0,2926980.0,1536365.0,0.0,0.0,4863280.0,4863280.0,4863280.0
88,2011-07-01,Addis Ababa,3585647,3255065,3255065.0,0.0,0.0,0.0,0.0,3255065.0,0.0,0.0,0.0,0.0,3255065.0,0.0,0.0,0.0,0.0,3255065.0,3255065.0,3255065.0
89,2011-07-01,Afar,1904414,1728834,0.0,0.0,1728834.0,0.0,0.0,0.0,0.0,1728834.0,0.0,0.0,0.0,1728834.0,0.0,0.0,0.0,1728834.0,1728834.0,1728834.0
90,2011-07-01,Amhara,21790172,19781205,9084134.0,10228230.0,468841.0,0.0,0.0,9084134.0,10228230.0,468841.0,0.0,0.0,9084134.0,10697071.0,0.0,0.0,0.0,19781205.0,19781205.0,19781205.0
91,2011-07-01,Benishangul Gumz,1102849,1001169,572050.0,429119.0,0.0,0.0,0.0,572050.0,429119.0,0.0,0.0,0.0,572050.0,429119.0,0.0,0.0,0.0,1001169.0,1001169.0,1001169.0
92,2011-07-01,Dire Dawa,508918,461997,0.0,461997.0,0.0,0.0,0.0,0.0,461997.0,0.0,0.0,0.0,0.0,461997.0,0.0,0.0,0.0,461997.0,461997.0,461997.0
93,2011-07-01,Gambela,462832,420159,0.0,268646.0,151513.0,0.0,0.0,0.0,268646.0,151513.0,0.0,0.0,74092.0,194554.0,151513.0,0.0,0.0,420159.0,420159.0,420159.0
94,2011-07-01,Harari,260022,236049,0.0,0.0,236049.0,0.0,0.0,0.0,0.0,236049.0,0.0,0.0,0.0,236049.0,0.0,0.0,0.0,236049.0,236049.0,236049.0
95,2011-07-01,Oromia,37843293,34354294,12025114.0,6023474.0,14097028.0,2208678.0,0.0,12025114.0,6023474.0,14097028.0,2208678.0,0.0,12025114.0,20488186.0,1840994.0,0.0,0.0,34354294.0,34354294.0,34354294.0
96,2011-07-01,SNNP,20262695,18394550,2262073.0,3247652.0,12884825.0,0.0,0.0,2262073.0,3247652.0,12884825.0,0.0,0.0,2262073.0,14776252.0,1356225.0,0.0,0.0,18394550.0,18394550.0,18394550.0
97,2011-07-01,Somali,6216411,5643278,0.0,0.0,3347994.0,2295284.0,0.0,0.0,0.0,3347994.0,2295284.0,0.0,0.0,1712954.0,3930324.0,0.0,0.0,5643278.0,5643278.0,5643278.0
98,2011-07-01,Tigray,5357192,4863280,399935.0,3780364.0,682981.0,0.0,0.0,399935.0,3780364.0,682981.0,0.0,0.0,399935.0,4463345.0,0.0,0.0,0.0,4863280.0,4863280.0,4863280.0
99,2011-10-01,Addis Ababa,3585647,3255065,3255065.0,0.0,0.0,0.0,0.0,3255065.0,0.0,0.0,0.0,0.0,3255065.0,0.0,0.0,0.0,0.0,3255065.0,3255065.0,3255065.0
100,2011-10-01,Afar,1904414,1728834,0.0,1280593.0,448241.0,0.0,0.0,0.0,1280593.0,448241.0,0.0,0.0,0.0,1280593.0,448241.0,0.0,0.0,1728834.0,1728834.0,1728834.0
101,2011-10-01,Amhara,21790172,19781205,11165811.0,8615394.0,0.0,0.0,0.0,11165811.0,8615394.0,0.0,0.0,0.0,11165811.0,6566668.0,2048726.0,0.0,0.0,19781205.0,19781205.0,19781205.0
102,2011-10-01,Benishangul Gumz,1102849,1001169,1001169.0,0.0,0.0,0.0,0.0,1001169.0,0.0,0.0,0.0,0.0,1001169.0,0.0,0.0,0.0,0.0,1001169.0,1001169.0,1001169.0
103,2011-10-01,Dire Dawa,508918,461997,0.0,171514.0,0.0,0.0,0.0,0.0,171514.0,0.0,0.0,0.0,0.0,171514.0,0.0,0.0,0.0,171514.0,171514.0,171514.0
104,2011-10-01,Gambela,462832,420159,268646.0,151513.0,0.0,0.0,0.0,268646.0,151513.0,0.0,0.0,0.0,268646.0,0.0,151513.0,0.0,0.0,420159.0,420159.0,420159.0
105,2011-10-01,Harari,260022,236049,0.0,236049.0,0.0,0.0,0.0,0.0,236049.0,0.0,0.0,0.0,0.0,236049.0,0.0,0.0,0.0,236049.0,236049.0,236049.0
106,2011-10-01,Oromia,37843293,34354294,23962410.0,5726903.0,1605709.0,3059272.0,0.0,23962410.0,5726903.0,4664981.0,0.0,0.0,23962410.0,5726903.0,1110509.0,3554472.0,0.0,34354294.0,34354294.0,34354294.0
107,2011-10-01,SNNP,20262695,18394550,4393597.0,12644728.0,1356225.0,0.0,0.0,4486670.0,12551655.0,1356225.0,0.0,0.0,4486670.0,6471963.0,6751311.0,684606.0,0.0,18394550.0,18394550.0,18394550.0
108,2011-10-01,Somali,6216411,5643278,0.0,1712954.0,1635040.0,2295284.0,0.0,0.0,1712954.0,3930324.0,0.0,0.0,0.0,1712954.0,1635040.0,2295284.0,0.0,5643278.0,5643278.0,5643278.0
109,2011-10-01,Tigray,5357192,4863280,399935.0,4463345.0,0.0,0.0,0.0,399935.0,4463345.0,0.0,0.0,0.0,399935.0,3780364.0,682981.0,0.0,0.0,4863280.0,4863280.0,4863280.0
110,2012-01-01,Addis Ababa,3585647,3348487,3348487.0,0.0,0.0,0.0,0.0,3348487.0,0.0,0.0,0.0,0.0,3348487.0,0.0,0.0,0.0,0.0,3348487.0,3348487.0,3348487.0
111,2012-01-01,Afar,1904414,1778450,0.0,1317345.0,461105.0,0.0,0.0,0.0,1317345.0,461105.0,0.0,0.0,0.0,1317345.0,461105.0,0.0,0.0,1778450.0,1778450.0,1778450.0
112,2012-01-01,Amhara,21790172,20348935,11486275.0,6755135.0,2107525.0,0.0,0.0,11486275.0,6755135.0,2107525.0,0.0,0.0,11486275.0,6755135.0,2107525.0,0.0,0.0,20348935.0,20348935.0,20348935.0
113,2012-01-01,Benishangul Gumz,1102849,1029903,1029903.0,0.0,0.0,0.0,0.0,1029903.0,0.0,0.0,0.0,0.0,1029903.0,0.0,0.0,0.0,0.0,1029903.0,1029903.0,1029903.0
114,2012-01-01,Dire Dawa,508918,475256,0.0,176436.0,0.0,0.0,0.0,0.0,176436.0,0.0,0.0,0.0,0.0,176436.0,0.0,0.0,0.0,176436.0,176436.0,176436.0
115,2012-01-01,Gambela,462832,432217,276356.0,155861.0,0.0,0.0,0.0,276356.0,155861.0,0.0,0.0,0.0,276356.0,155861.0,0.0,0.0,0.0,432217.0,432217.0,432217.0
116,2012-01-01,Harari,260022,242823,0.0,242823.0,0.0,0.0,0.0,0.0,242823.0,0.0,0.0,0.0,0.0,0.0,242823.0,0.0,0.0,242823.0,242823.0,242823.0
117,2012-01-01,Oromia,37843293,35340275,24650139.0,5891267.0,3414450.0,1384419.0,0.0,24650139.0,5891267.0,3414450.0,1384419.0,0.0,24650139.0,5891267.0,2905037.0,1893832.0,0.0,35340275.0,35340275.0,35340275.0
118,2012-01-01,SNNP,20262695,18922478,4685955.0,12841375.0,1395148.0,0.0,0.0,4685955.0,12841375.0,1395148.0,0.0,0.0,4615438.0,6657710.0,7649330.0,0.0,0.0,18922478.0,18922478.0,18922478.0
119,2012-01-01,Somali,6216411,5805243,0.0,0.0,5805243.0,0.0,0.0,0.0,0.0,5805243.0,0.0,0.0,0.0,0.0,5805243.0,0.0,0.0,5805243.0,5805243.0,5805243.0
120,2012-01-01,Tigray,5357192,5002857,411414.0,4591443.0,0.0,0.0,0.0,411414.0,4591443.0,0.0,0.0,0.0,411414.0,3888861.0,702582.0,0.0,0.0,5002857.0,5002857.0,5002857.0
121,2012-04-01,Addis Ababa,3585647,3348487,3348487.0,0.0,0.0,0.0,0.0,3348487.0,0.0,0.0,0.0,0.0,3348487.0,0.0,0.0,0.0,0.0,3348487.0,3348487.0,3348487.0
122,2012-04-01,Afar,1904414,1778450,0.0,1317345.0,461105.0,0.0,0.0,0.0,716841.0,1061609.0,0.0,0.0,0.0,1778450.0,0.0,0.0,0.0,1778450.0,1778450.0,1778450.0
123,2012-04-01,Amhara,21790172,20348935,9344853.0,8896557.0,2107525.0,0.0,0.0,9344853.0,8896557.0,2107525.0,0.0,0.0,9344853.0,8896557.0,2107525.0,0.0,0.0,20348935.0,20348935.0,20348935.0
124,2012-04-01,Benishangul Gumz,1102849,1029903,1029903.0,0.0,0.0,0.0,0.0,1029903.0,0.0,0.0,0.0,0.0,1029903.0,0.0,0.0,0.0,0.0,1029903.0,1029903.0,1029903.0
125,2012-04-01,Dire Dawa,508918,475256,0.0,176436.0,0.0,0.0,0.0,0.0,176436.0,0.0,0.0,0.0,0.0,176436.0,0.0,0.0,0.0,176436.0,176436.0,176436.0
126,2012-04-01,Gambela,462832,432217,276356.0,155861.0,0.0,0.0,0.0,276356.0,155861.0,0.0,0.0,0.0,276356.0,155861.0,0.0,0.0,0.0,432217.0,432217.0,432217.0
127,2012-04-01,Harari,260022,242823,0.0,242823.0,0.0,0.0,0.0,0.0,242823.0,0.0,0.0,0.0,0.0,0.0,242823.0,0.0,0.0,242823.0,242823.0,242823.0
128,2012-04-01,Oromia,37843293,35340275,19726477.0,10814929.0,4798869.0,0.0,0.0,19726477.0,10814929.0,4798869.0,0.0,0.0,19726477.0,8416163.0,7197635.0,0.0,0.0,35340275.0,35340275.0,35340275.0
129,2012-04-01,SNNP,20262695,18922478,4685955.0,8174881.0,6061642.0,0.0,0.0,4685955.0,8174881.0,6061642.0,0.0,0.0,4615438.0,12297292.0,2009748.0,0.0,0.0,18922478.0,18922478.0,18922478.0
130,2012-04-01,Somali,6216411,5805243,0.0,0.0,5805243.0,0.0,0.0,0.0,0.0,5805243.0,0.0,0.0,0.0,1762116.0,4043127.0,0.0,0.0,5805243.0,5805243.0,5805243.0
131,2012-04-01,Tigray,5357192,5002857,411414.0,4591443.0,0.0,0.0,0.0,411414.0,4591443.0,0.0,0.0,0.0,411414.0,4591443.0,0.0,0.0,0.0,5002857.0,5002857.0,5002857.0
132,2012-07-01,Addis Ababa,3585647,3348487,3348487.0,0.0,0.0,0.0,0.0,3348487.0,0.0,0.0,0.0,0.0,3348487.0,0.0,0.0,0.0,0.0,3348487.0,3348487.0,3348487.0
133,2012-07-01,Afar,1904414,1778450,0.0,1177946.0,600504.0,0.0,0.0,0.0,1177946.0,600504.0,0.0,0.0,0.0,1177946.0,600504.0,0.0,0.0,1778450.0,1778450.0,1778450.0
134,2012-07-01,Amhara,21790172,20348935,9344853.0,5864480.0,5139602.0,0.0,0.0,9344853.0,5864480.0,5139602.0,0.0,0.0,14378221.0,3863189.0,2107525.0,0.0,0.0,20348935.0,20348935.0,20348935.0
135,2012-07-01,Benishangul Gumz,1102849,1029903,1029903.0,0.0,0.0,0.0,0.0,1029903.0,0.0,0.0,0.0,0.0,1029903.0,0.0,0.0,0.0,0.0,1029903.0,1029903.0,1029903.0
136,2012-07-01,Dire Dawa,508918,475256,0.0,0.0,176436.0,0.0,0.0,0.0,0.0,176436.0,0.0,0.0,0.0,176436.0,0.0,0.0,0.0,176436.0,176436.0,176436.0
137,2012-07-01,Gambela,462832,432217,432217.0,0.0,0.0,0.0,0.0,432217.0,0.0,0.0,0.0,0.0,432217.0,0.0,0.0,0.0,0.0,432217.0,432217.0,432217.0
138,2012-07-01,Harari,260022,242823,0.0,0.0,242823.0,0.0,0.0,0.0,0.0,242823.0,0.0,0.0,0.0,242823.0,0.0,0.0,0.0,242823.0,242823.0,242823.0
139,2012-07-01,Oromia,37843293,35340275,14456869.0,11710195.0,9173211.0,0.0,0.0,14456869.0,11710195.0,9173211.0,0.0,0.0,23130851.0,12209424.0,0.0,0.0,0.0,35340275.0,35340275.0,35340275.0
140,2012-07-01,SNNP,20262695,18922478,2857817.0,1828138.0,14236523.0,0.0,0.0,2857817.0,1828138.0,14236523.0,0.0,0.0,4685955.0,14236523.0,0.0,0.0,0.0,18922478.0,18922478.0,18922478.0
141,2012-07-01,Somali,6216411,5805243,0.0,0.0,5805243.0,0.0,0.0,0.0,0.0,5805243.0,0.0,0.0,0.0,5203639.0,601604.0,0.0,0.0,5805243.0,5805243.0,5805243.0
142,2012-07-01,Tigray,5357192,5002857,411414.0,4591443.0,0.0,0.0,0.0,411414.0,4591443.0,0.0,0.0,0.0,1245594.0,2176805.0,1580458.0,0.0,0.0,5002857.0,5002857.0,5002857.0
143,2012-10-01,Addis Ababa,3585647,3348487,3348487.0,0.0,0.0,0.0,0.0,3348487.0,0.0,0.0,0.0,0.0,3348487.0,0.0,0.0,0.0,0.0,3348487.0,3348487.0,3348487.0
144,2012-10-01,Afar,1904414,1778450,0.0,1177946.0,600504.0,0.0,0.0,0.0,1177946.0,600504.0,0.0,0.0,0.0,454094.0,1324356.0,0.0,0.0,1778450.0,1778450.0,1778450.0
145,2012-10-01,Amhara,21790172,20348935,14378221.0,3863189.0,2107525.0,0.0,0.0,14378221.0,3863189.0,2107525.0,0.0,0.0,11486275.0,6755135.0,2107525.0,0.0,0.0,20348935.0,20348935.0,20348935.0
146,2012-10-01,Benishangul Gumz,1102849,1029903,1029903.0,0.0,0.0,0.0,0.0,1029903.0,0.0,0.0,0.0,0.0,1029903.0,0.0,0.0,0.0,0.0,1029903.0,1029903.0,1029903.0
147,2012-10-01,Dire Dawa,508918,475256,0.0,475256.0,0.0,0.0,0.0,0.0,475256.0,0.0,0.0,0.0,0.0,0.0,475256.0,0.0,0.0,475256.0,475256.0,475256.0
148,2012-10-01,Gambela,462832,432217,432217.0,0.0,0.0,0.0,0.0,432217.0,0.0,0.0,0.0,0.0,432217.0,0.0,0.0,0.0,0.0,432217.0,432217.0,432217.0
149,2012-10-01,Harari,260022,242823,0.0,242823.0,0.0,0.0,0.0,0.0,242823.0,0.0,0.0,0.0,0.0,0.0,242823.0,0.0,0.0,242823.0,242823.0,242823.0
150,2012-10-01,Oromia,37843293,35340275,23130851.0,12209424.0,0.0,0.0,0.0,23130851.0,12209424.0,0.0,0.0,0.0,21044220.0,8404788.0,5891267.0,0.0,0.0,35340275.0,35340275.0,35340275.0
151,2012-10-01,SNNP,20262695,18922478,4685955.0,14236523.0,0.0,0.0,0.0,4685955.0,14236523.0,0.0,0.0,0.0,5268298.0,4330814.0,9323366.0,0.0,0.0,18922478.0,18922478.0,18922478.0
152,2012-10-01,Somali,6216411,5805243,0.0,5203639.0,601604.0,0.0,0.0,0.0,5203639.0,601604.0,0.0,0.0,0.0,3694105.0,2111138.0,0.0,0.0,5805243.0,5805243.0,5805243.0
153,2012-10-01,Tigray,5357192,5002857,1245594.0,2176805.0,1580458.0,0.0,0.0,1245594.0,2176805.0,1580458.0,0.0,0.0,411414.0,2127064.0,2464379.0,0.0,0.0,5002857.0,5002857.0,5002857.0
154,2013-01-01,Addis Ababa,3585647,3444500,3444500.0,0.0,0.0,0.0,0.0,3444500.0,0.0,0.0,0.0,0.0,3444500.0,0.0,0.0,0.0,0.0,3444500.0,3444500.0,3444500.0
155,2013-01-01,Afar,1904414,1829446,0.0,1089163.0,740283.0,0.0,0.0,0.0,1089163.0,740283.0,0.0,0.0,0.0,1089163.0,740283.0,0.0,0.0,1829446.0,1829446.0,1829446.0
156,2013-01-01,Amhara,21790172,20932408,14243115.0,6193166.0,496127.0,0.0,0.0,14243115.0,1402320.0,5286973.0,0.0,0.0,15098058.0,0.0,5834350.0,0.0,0.0,20932408.0,20932408.0,20932408.0
157,2013-01-01,Benishangul Gumz,1102849,1059435,1059435.0,0.0,0.0,0.0,0.0,1059435.0,0.0,0.0,0.0,0.0,1059435.0,0.0,0.0,0.0,0.0,1059435.0,1059435.0,1059435.0
158,2013-01-01,Dire Dawa,508918,488884,0.0,0.0,488884.0,0.0,0.0,0.0,0.0,488884.0,0.0,0.0,0.0,0.0,488884.0,0.0,0.0,488884.0,488884.0,488884.0
159,2013-01-01,Gambela,462832,444612,236000.0,208612.0,0.0,0.0,0.0,236000.0,208612.0,0.0,0.0,0.0,236000.0,208612.0,0.0,0.0,0.0,444612.0,444612.0,444612.0
160,2013-01-01,Harari,260022,249786,0.0,0.0,249786.0,0.0,0.0,0.0,0.0,249786.0,0.0,0.0,0.0,0.0,249786.0,0.0,0.0,249786.0,249786.0,249786.0
161,2013-01-01,Oromia,37843293,36353606,23033531.0,7259885.0,6060190.0,0.0,0.0,23033531.0,5835770.0,7484305.0,0.0,0.0,23033531.0,4022573.0,9297502.0,0.0,0.0,36353606.0,36353606.0,36353606.0
162,2013-01-01,SNNP,20262695,19465059,4820320.0,14644739.0,0.0,0.0,0.0,4820320.0,4570388.0,10074351.0,0.0,0.0,4820320.0,4570388.0,10074351.0,0.0,0.0,19465059.0,19465059.0,19465059.0
163,2013-01-01,Somali,6216411,5971700,0.0,4291767.0,1679933.0,0.0,0.0,0.0,2427359.0,3544341.0,0.0,0.0,0.0,4913711.0,1057989.0,0.0,0.0,5971700.0,5971700.0,5971700.0
164,2013-01-01,Tigray,5357192,5146305,1281309.0,2239220.0,1625776.0,0.0,0.0,1281309.0,2239220.0,1625776.0,0.0,0.0,423210.0,858099.0,3864996.0,0.0,0.0,5146305.0,5146305.0,5146305.0
165,2013-04-01,Addis Ababa,3585647,3444500,3444500.0,0.0,0.0,0.0,0.0,3444500.0,0.0,0.0,0.0,0.0,3444500.0,0.0,0.0,0.0,0.0,3444500.0,3444500.0,3444500.0
166,2013-04-01,Afar,1904414,1829446,0.0,0.0,1829446.0,0.0,0.0,0.0,737396.0,1092050.0,0.0,0.0,0.0,737396.0,1092050.0,0.0,0.0,1829446.0,1829446.0,1829446.0
167,2013-04-01,Amhara,21790172,20932408,15098058.0,0.0,5834350.0,0.0,0.0,15098058.0,0.0,5834350.0,0.0,0.0,14243115.0,0.0,6689293.0,0.0,0.0,20932408.0,20932408.0,20932408.0
168,2013-04-01,Benishangul Gumz,1102849,1059435,1059435.0,0.0,0.0,0.0,0.0,1059435.0,0.0,0.0,0.0,0.0,1059435.0,0.0,0.0,0.0,0.0,1059435.0,1059435.0,1059435.0
169,2013-04-01,Dire Dawa,508918,488884,0.0,0.0,488884.0,0.0,0.0,0.0,0.0,488884.0,0.0,0.0,0.0,0.0,488884.0,0.0,0.0,488884.0,488884.0,488884.0
170,2013-04-01,Gambela,462832,444612,444612.0,0.0,0.0,0.0,0.0,444612.0,0.0,0.0,0.0,0.0,444612.0,0.0,0.0,0.0,0.0,444612.0,444612.0,444612.0
171,2013-04-01,Harari,260022,249786,0.0,0.0,249786.0,0.0,0.0,0.0,0.0,249786.0,0.0,0.0,0.0,0.0,249786.0,0.0,0.0,249786.0,249786.0,249786.0
172,2013-04-01,Oromia,37843293,36353606,23794096.0,4686123.0,7873387.0,0.0,0.0,23794096.0,4686123.0,7873387.0,0.0,0.0,23794096.0,4686123.0,7873387.0,0.0,0.0,36353606.0,36353606.0,36353606.0
173,2013-04-01,SNNP,20262695,19465059,4820320.0,3694916.0,10949823.0,0.0,0.0,4820320.0,3694916.0,10949823.0,0.0,0.0,4820320.0,13002462.0,1642277.0,0.0,0.0,19465059.0,19465059.0,19465059.0
174,2013-04-01,Somali,6216411,5971700,0.0,4291767.0,1679933.0,0.0,0.0,0.0,4291767.0,1679933.0,0.0,0.0,0.0,4291767.0,1679933.0,0.0,0.0,5971700.0,5971700.0,5971700.0
175,2013-04-01,Tigray,5357192,5146305,423210.0,858099.0,3864996.0,0.0,0.0,423210.0,858099.0,3864996.0,0.0,0.0,423210.0,858099.0,3864996.0,0.0,0.0,5146305.0,5146305.0,5146305.0
176,2013-07-01,Addis Ababa,3585647,3444500,3444500.0,0.0,0.0,0.0,0.0,3444500.0,0.0,0.0,0.0,0.0,3444500.0,0.0,0.0,0.0,0.0,3444500.0,3444500.0,3444500.0
177,2013-07-01,Afar,1904414,1829446,0.0,737396.0,1092050.0,0.0,0.0,0.0,737396.0,1092050.0,0.0,0.0,0.0,737396.0,1092050.0,0.0,0.0,1829446.0,1829446.0,1829446.0
178,2013-07-01,Amhara,21790172,20932408,14243115.0,0.0,6689293.0,0.0,0.0,14243115.0,0.0,6689293.0,0.0,0.0,11815625.0,9116783.0,0.0,0.0,0.0,20932408.0,20932408.0,20932408.0
179,2013-07-01,Benishangul Gumz,1102849,1059435,1059435.0,0.0,0.0,0.0,0.0,1059435.0,0.0,0.0,0.0,0.0,1059435.0,0.0,0.0,0.0,0.0,1059435.0,1059435.0,1059435.0
180,2013-07-01,Dire Dawa,508918,488884,0.0,0.0,488884.0,0.0,0.0,0.0,0.0,488884.0,0.0,0.0,0.0,0.0,488884.0,0.0,0.0,488884.0,488884.0,488884.0
181,2013-07-01,Gambela,462832,444612,444612.0,0.0,0.0,0.0,0.0,444612.0,0.0,0.0,0.0,0.0,444612.0,0.0,0.0,0.0,0.0,444612.0,444612.0,444612.0
182,2013-07-01,Harari,260022,249786,0.0,0.0,249786.0,0.0,0.0,0.0,0.0,249786.0,0.0,0.0,0.0,249786.0,0.0,0.0,0.0,249786.0,249786.0,249786.0
183,2013-07-01,Oromia,37843293,36353606,23794096.0,4936469.0,7623041.0,0.0,0.0,23794096.0,4936469.0,7623041.0,0.0,0.0,18145645.0,18207961.0,0.0,0.0,0.0,36353606.0,36353606.0,36353606.0
184,2013-07-01,SNNP,20262695,19465059,4820320.0,13002462.0,1642277.0,0.0,0.0,4820320.0,13002462.0,1642277.0,0.0,0.0,4820320.0,14644739.0,0.0,0.0,0.0,19465059.0,19465059.0,19465059.0
185,2013-07-01,Somali,6216411,5971700,0.0,4723795.0,1247905.0,0.0,0.0,0.0,4723795.0,1247905.0,0.0,0.0,0.0,4723795.0,1247905.0,0.0,0.0,5971700.0,5971700.0,5971700.0
186,2013-07-01,Tigray,5357192,5146305,423210.0,858099.0,3864996.0,0.0,0.0,423210.0,858099.0,3864996.0,0.0,0.0,423210.0,4723095.0,0.0,0.0,0.0,5146305.0,5146305.0,5146305.0
187,2013-10-01,Addis Ababa,3585647,3444500,3444500.0,0.0,0.0,0.0,0.0,3444500.0,0.0,0.0,0.0,0.0,3444500.0,0.0,0.0,0.0,0.0,3444500.0,3444500.0,3444500.0
188,2013-10-01,Afar,1904414,1829446,0.0,1355119.0,474327.0,0.0,0.0,0.0,1355119.0,474327.0,0.0,0.0,0.0,737396.0,1092050.0,0.0,0.0,1829446.0,1829446.0,1829446.0
189,2013-10-01,Amhara,21790172,20932408,11815625.0,9116783.0,0.0,0.0,0.0,11815625.0,9116783.0,0.0,0.0,0.0,15098058.0,5338223.0,496127.0,0.0,0.0,20932408.0,20932408.0,20932408.0
190,2013-10-01,Benishangul Gumz,1102849,1059435,1059435.0,0.0,0.0,0.0,0.0,1059435.0,0.0,0.0,0.0,0.0,1059435.0,0.0,0.0,0.0,0.0,1059435.0,1059435.0,1059435.0
191,2013-10-01,Dire Dawa,508918,488884,0.0,488884.0,0.0,0.0,0.0,0.0,488884.0,0.0,0.0,0.0,0.0,488884.0,0.0,0.0,0.0,488884.0,488884.0,488884.0
192,2013-10-01,Gambela,462832,444612,444612.0,0.0,0.0,0.0,0.0,444612.0,0.0,0.0,0.0,0.0,444612.0,0.0,0.0,0.0,0.0,444612.0,444612.0,444612.0
193,2013-10-01,Harari,260022,249786,0.0,249786.0,0.0,0.0,0.0,0.0,249786.0,0.0,0.0,0.0,0.0,249786.0,0.0,0.0,0.0,249786.0,249786.0,249786.0
194,2013-10-01,Oromia,37843293,36353606,18145645.0,18207961.0,0.0,0.0,0.0,18145645.0,18207961.0,0.0,0.0,0.0,23794096.0,12559510.0,0.0,0.0,0.0,36353606.0,36353606.0,36353606.0
195,2013-10-01,SNNP,20262695,19465059,4820320.0,14644739.0,0.0,0.0,0.0,4820320.0,14644739.0,0.0,0.0,0.0,4820320.0,13769267.0,875472.0,0.0,0.0,19465059.0,19465059.0,19465059.0
196,2013-10-01,Somali,6216411,5971700,0.0,5342649.0,629051.0,0.0,0.0,0.0,5342649.0,629051.0,0.0,0.0,0.0,5971700.0,0.0,0.0,0.0,5971700.0,5971700.0,5971700.0
197,2013-10-01,Tigray,5357192,5146305,423210.0,4723095.0,0.0,0.0,0.0,423210.0,4723095.0,0.0,0.0,0.0,423210.0,3820047.0,903048.0,0.0,0.0,5146305.0,5146305.0,5146305.0
198,2014-01-01,Addis Ababa,3585647,3542306,3542306.0,0.0,0.0,0.0,0.0,3542306.0,0.0,0.0,0.0,0.0,3542306.0,0.0,0.0,0.0,0.0,3542306.0,3542306.0,3542306.0
199,2014-01-01,Afar,1904414,1881392,0.0,1393597.0,487795.0,0.0,0.0,0.0,1393597.0,487795.0,0.0,0.0,0.0,1393597.0,487795.0,0.0,0.0,1881392.0,1881392.0,1881392.0
200,2014-01-01,Amhara,21790172,21526784,21016570.0,510214.0,0.0,0.0,0.0,21016570.0,510214.0,0.0,0.0,0.0,12151130.0,4778640.0,4597014.0,0.0,0.0,21526784.0,21526784.0,21526784.0
201,2014-01-01,Benishangul Gumz,1102849,1089517,1089517.0,0.0,0.0,0.0,0.0,1089517.0,0.0,0.0,0.0,0.0,1089517.0,0.0,0.0,0.0,0.0,1089517.0,1089517.0,1089517.0
202,2014-01-01,Dire Dawa,508918,502766,502766.0,0.0,0.0,0.0,0.0,502766.0,0.0,0.0,0.0,0.0,0.0,502766.0,0.0,0.0,0.0,502766.0,502766.0,502766.0
203,2014-01-01,Gambela,462832,457236,457236.0,0.0,0.0,0.0,0.0,457236.0,0.0,0.0,0.0,0.0,457236.0,0.0,0.0,0.0,0.0,457236.0,457236.0,457236.0
204,2014-01-01,Harari,260022,256879,256879.0,0.0,0.0,0.0,0.0,256879.0,0.0,0.0,0.0,0.0,0.0,256879.0,0.0,0.0,0.0,256879.0,256879.0,256879.0
205,2014-01-01,Oromia,37843293,37385866,37385866.0,0.0,0.0,0.0,0.0,37385866.0,0.0,0.0,0.0,0.0,23100027.0,14285839.0,0.0,0.0,0.0,37385866.0,37385866.0,37385866.0
206,2014-01-01,SNNP,20262695,20017764,13141500.0,6876264.0,0.0,0.0,0.0,13141500.0,6876264.0,0.0,0.0,0.0,6075344.0,13942420.0,0.0,0.0,0.0,20017764.0,20017764.0,20017764.0
207,2014-01-01,Somali,6216411,6141266,0.0,6141266.0,0.0,0.0,0.0,0.0,6141266.0,0.0,0.0,0.0,0.0,6141266.0,0.0,0.0,0.0,6141266.0,6141266.0,6141266.0
208,2014-01-01,Tigray,5357192,5292434,1730961.0,3561473.0,0.0,0.0,0.0,2474211.0,2818223.0,0.0,0.0,0.0,1317691.0,1156520.0,2818223.0,0.0,0.0,5292434.0,5292434.0,5292434.0
209,2014-04-01,Addis Ababa,3585647,3542306,3542306.0,0.0,0.0,0.0,0.0,3542306.0,0.0,0.0,0.0,0.0,3542306.0,0.0,0.0,0.0,0.0,3542306.0,3542306.0,3542306.0
210,2014-04-01,Afar,1904414,1881392,0.0,1393597.0,487795.0,0.0,0.0,0.0,1393597.0,487795.0,0.0,0.0,0.0,1393597.0,487795.0,0.0,0.0,1881392.0,1881392.0,1881392.0
211,2014-04-01,Amhara,21790172,21526784,12151130.0,4778640.0,4597014.0,0.0,0.0,12151130.0,4778640.0,4597014.0,0.0,0.0,12151130.0,7986221.0,1389433.0,0.0,0.0,21526784.0,21526784.0,21526784.0
212,2014-04-01,Benishangul Gumz,1102849,1089517,1089517.0,0.0,0.0,0.0,0.0,1089517.0,0.0,0.0,0.0,0.0,1089517.0,0.0,0.0,0.0,0.0,1089517.0,1089517.0,1089517.0
213,2014-04-01,Dire Dawa,508918,502766,0.0,502766.0,0.0,0.0,0.0,0.0,502766.0,0.0,0.0,0.0,0.0,502766.0,0.0,0.0,0.0,502766.0,502766.0,502766.0
214,2014-04-01,Gambela,462832,457236,457236.0,0.0,0.0,0.0,0.0,457236.0,0.0,0.0,0.0,0.0,457236.0,0.0,0.0,0.0,0.0,457236.0,457236.0,457236.0
215,2014-04-01,Harari,260022,256879,0.0,256879.0,0.0,0.0,0.0,0.0,256879.0,0.0,0.0,0.0,0.0,256879.0,0.0,0.0,0.0,256879.0,256879.0,256879.0
216,2014-04-01,Oromia,37843293,37385866,23100027.0,14285839.0,0.0,0.0,0.0,23100027.0,14285839.0,0.0,0.0,0.0,23100027.0,14285839.0,0.0,0.0,0.0,37385866.0,37385866.0,37385866.0
217,2014-04-01,SNNP,20262695,20017764,6075344.0,13942420.0,0.0,0.0,0.0,6075344.0,13942420.0,0.0,0.0,0.0,20017764.0,0.0,0.0,0.0,0.0,20017764.0,20017764.0,20017764.0
218,2014-04-01,Somali,6216411,6141266,0.0,6141266.0,0.0,0.0,0.0,0.0,6141266.0,0.0,0.0,0.0,0.0,6141266.0,0.0,0.0,0.0,6141266.0,6141266.0,6141266.0
219,2014-04-01,Tigray,5357192,5292434,1317691.0,1156520.0,2818223.0,0.0,0.0,1317691.0,1156520.0,2818223.0,0.0,0.0,1317691.0,1678334.0,2296409.0,0.0,0.0,5292434.0,5292434.0,5292434.0
220,2014-07-01,Addis Ababa,3585647,3542306,3542306.0,0.0,0.0,0.0,0.0,3542306.0,0.0,0.0,0.0,0.0,3542306.0,0.0,0.0,0.0,0.0,3542306.0,3542306.0,3542306.0
221,2014-07-01,Afar,1904414,1881392,0.0,1393597.0,487795.0,0.0,0.0,0.0,1393597.0,487795.0,0.0,0.0,0.0,1393597.0,487795.0,0.0,0.0,1881392.0,1881392.0,1881392.0
222,2014-07-01,Amhara,21790172,21526784,14647549.0,6369021.0,510214.0,0.0,0.0,14647549.0,6369021.0,510214.0,0.0,0.0,14647549.0,6879235.0,0.0,0.0,0.0,21526784.0,21526784.0,21526784.0
223,2014-07-01,Benishangul Gumz,1102849,1089517,1089517.0,0.0,0.0,0.0,0.0,1089517.0,0.0,0.0,0.0,0.0,1089517.0,0.0,0.0,0.0,0.0,1089517.0,1089517.0,1089517.0
224,2014-07-01,Dire Dawa,508918,502766,0.0,502766.0,0.0,0.0,0.0,0.0,502766.0,0.0,0.0,0.0,0.0,502766.0,0.0,0.0,0.0,502766.0,502766.0,502766.0
225,2014-07-01,Gambela,462832,457236,457236.0,0.0,0.0,0.0,0.0,457236.0,0.0,0.0,0.0,0.0,457236.0,0.0,0.0,0.0,0.0,457236.0,457236.0,457236.0
226,2014-07-01,Harari,260022,256879,0.0,256879.0,0.0,0.0,0.0,0.0,256879.0,0.0,0.0,0.0,0.0,256879.0,0.0,0.0,0.0,256879.0,256879.0,256879.0
227,2014-07-01,Oromia,37843293,37385866,21635474.0,15750392.0,0.0,0.0,0.0,21635474.0,15750392.0,0.0,0.0,0.0,21505957.0,15879909.0,0.0,0.0,0.0,37385866.0,37385866.0,37385866.0
228,2014-07-01,SNNP,20262695,20017764,19272746.0,745018.0,0.0,0.0,0.0,19272746.0,745018.0,0.0,0.0,0.0,19272746.0,745018.0,0.0,0.0,0.0,20017764.0,20017764.0,20017764.0
229,2014-07-01,Somali,6216411,6141266,0.0,6141266.0,0.0,0.0,0.0,0.0,6141266.0,0.0,0.0,0.0,0.0,6141266.0,0.0,0.0,0.0,6141266.0,6141266.0,6141266.0
230,2014-07-01,Tigray,5357192,5292434,1317691.0,1678334.0,2296409.0,0.0,0.0,1317691.0,1678334.0,2296409.0,0.0,0.0,1317691.0,3974743.0,0.0,0.0,0.0,5292434.0,5292434.0,5292434.0
231,2014-10-01,Addis Ababa,3585647,3542306,3542306.0,0.0,0.0,0.0,0.0,3542306.0,0.0,0.0,0.0,0.0,3542306.0,0.0,0.0,0.0,0.0,3542306.0,3542306.0,3542306.0
232,2014-10-01,Afar,1904414,1881392,0.0,1603436.0,277956.0,0.0,0.0,0.0,1603436.0,277956.0,0.0,0.0,0.0,1603436.0,277956.0,0.0,0.0,1881392.0,1881392.0,1881392.0
233,2014-10-01,Amhara,21790172,21526784,21526784.0,0.0,0.0,0.0,0.0,21526784.0,0.0,0.0,0.0,0.0,12945096.0,8581688.0,0.0,0.0,0.0,21526784.0,21526784.0,21526784.0
234,2014-10-01,Benishangul Gumz,1102849,1089517,1089517.0,0.0,0.0,0.0,0.0,1089517.0,0.0,0.0,0.0,0.0,1089517.0,0.0,0.0,0.0,0.0,1089517.0,1089517.0,1089517.0
235,2014-10-01,Dire Dawa,508918,502766,0.0,502766.0,0.0,0.0,0.0,0.0,502766.0,0.0,0.0,0.0,0.0,502766.0,0.0,0.0,0.0,502766.0,502766.0,502766.0
236,2014-10-01,Gambela,462832,457236,457236.0,0.0,0.0,0.0,0.0,457236.0,0.0,0.0,0.0,0.0,457236.0,0.0,0.0,0.0,0.0,457236.0,457236.0,457236.0
237,2014-10-01,Harari,260022,256879,256879.0,0.0,0.0,0.0,0.0,256879.0,0.0,0.0,0.0,0.0,256879.0,0.0,0.0,0.0,0.0,256879.0,256879.0,256879.0
238,2014-10-01,Oromia,37843293,37385866,31636296.0,5749570.0,0.0,0.0,0.0,31636296.0,5749570.0,0.0,0.0,0.0,27941640.0,6906613.0,2537613.0,0.0,0.0,37385866.0,37385866.0,37385866.0
239,2014-10-01,SNNP,20262695,20017764,19272746.0,745018.0,0.0,0.0,0.0,19272746.0,745018.0,0.0,0.0,0.0,15202349.0,4815415.0,0.0,0.0,0.0,20017764.0,20017764.0,20017764.0
240,2014-10-01,Somali,6216411,6141266,0.0,6141266.0,0.0,0.0,0.0,0.0,6141266.0,0.0,0.0,0.0,0.0,6141266.0,0.0,0.0,0.0,6141266.0,6141266.0,6141266.0
241,2014-10-01,Tigray,5357192,5292434,5292434.0,0.0,0.0,0.0,0.0,5292434.0,0.0,0.0,0.0,0.0,3428660.0,1863774.0,0.0,0.0,0.0,5292434.0,5292434.0,5292434.0
242,2015-01-01,Addis Ababa,3585647,3641294,3641294.0,0.0,0.0,0.0,0.0,3641294.0,0.0,0.0,0.0,0.0,3641294.0,0.0,0.0,0.0,0.0,3641294.0,3641294.0,3641294.0
243,2015-01-01,Afar,1904414,1933967,0.0,1933967.0,0.0,0.0,0.0,0.0,1933967.0,0.0,0.0,0.0,0.0,1933967.0,0.0,0.0,0.0,1933967.0,1933967.0,1933967.0
244,2015-01-01,Amhara,21790172,22128343,21603871.0,0.0,524472.0,0.0,0.0,21603871.0,0.0,524472.0,0.0,0.0,19836525.0,1767346.0,524472.0,0.0,0.0,22128343.0,22128343.0,22128343.0
245,2015-01-01,Benishangul Gumz,1102849,1119963,1119963.0,0.0,0.0,0.0,0.0,1119963.0,0.0,0.0,0.0,0.0,1119963.0,0.0,0.0,0.0,0.0,1119963.0,1119963.0,1119963.0
246,2015-01-01,Dire Dawa,508918,516816,0.0,516816.0,0.0,0.0,0.0,0.0,516816.0,0.0,0.0,0.0,0.0,516816.0,0.0,0.0,0.0,516816.0,516816.0,516816.0
247,2015-01-01,Gambela,462832,470014,470014.0,0.0,0.0,0.0,0.0,470014.0,0.0,0.0,0.0,0.0,470014.0,0.0,0.0,0.0,0.0,470014.0,470014.0,470014.0
248,2015-01-01,Harari,260022,264057,264057.0,0.0,0.0,0.0,0.0,264057.0,0.0,0.0,0.0,0.0,264057.0,0.0,0.0,0.0,0.0,264057.0,264057.0,264057.0
249,2015-01-01,Oromia,37843293,38430597,30849178.0,7027461.0,553958.0,0.0,0.0,30849178.0,7027461.0,553958.0,0.0,0.0,23349208.0,12472864.0,2608525.0,0.0,0.0,38430597.0,38430597.0,38430597.0
250,2015-01-01,SNNP,20262695,20577152,15627174.0,4949978.0,0.0,0.0,0.0,15627174.0,4949978.0,0.0,0.0,0.0,15627174.0,4949978.0,0.0,0.0,0.0,20577152.0,20577152.0,20577152.0
251,2015-01-01,Somali,6216411,6312882,0.0,6312882.0,0.0,0.0,0.0,0.0,6312882.0,0.0,0.0,0.0,0.0,6312882.0,0.0,0.0,0.0,6312882.0,6312882.0,6312882.0
252,2015-01-01,Tigray,5357192,5440332,2760455.0,2679877.0,0.0,0.0,0.0,2760455.0,2679877.0,0.0,0.0,0.0,2760455.0,2679877.0,0.0,0.0,0.0,5440332.0,5440332.0,5440332.0
253,2015-04-01,Addis Ababa,3585647,3641294,3641294.0,0.0,0.0,0.0,0.0,3641294.0,0.0,0.0,0.0,0.0,3641294.0,0.0,0.0,0.0,0.0,3641294.0,3641294.0,3641294.0
254,2015-04-01,Afar,1904414,1933967,0.0,1648244.0,285723.0,0.0,0.0,0.0,1648244.0,285723.0,0.0,0.0,0.0,1933967.0,0.0,0.0,0.0,1933967.0,1933967.0,1933967.0
255,2015-04-01,Amhara,21790172,22128343,19836525.0,1767346.0,524472.0,0.0,0.0,19836525.0,1767346.0,524472.0,0.0,0.0,13394478.0,8209393.0,524472.0,0.0,0.0,22128343.0,22128343.0,22128343.0
256,2015-04-01,Benishangul Gumz,1102849,1119963,1119963.0,0.0,0.0,0.0,0.0,1119963.0,0.0,0.0,0.0,0.0,1119963.0,0.0,0.0,0.0,0.0,1119963.0,1119963.0,1119963.0
257,2015-04-01,Dire Dawa,508918,516816,0.0,516816.0,0.0,0.0,0.0,0.0,516816.0,0.0,0.0,0.0,0.0,516816.0,0.0,0.0,0.0,516816.0,516816.0,516816.0
258,2015-04-01,Gambela,462832,470014,470014.0,0.0,0.0,0.0,0.0,470014.0,0.0,0.0,0.0,0.0,470014.0,0.0,0.0,0.0,0.0,470014.0,470014.0,470014.0
259,2015-04-01,Harari,260022,264057,264057.0,0.0,0.0,0.0,0.0,264057.0,0.0,0.0,0.0,0.0,264057.0,0.0,0.0,0.0,0.0,264057.0,264057.0,264057.0
260,2015-04-01,Oromia,37843293,38430597,23349208.0,11918906.0,3162483.0,0.0,0.0,23349208.0,11918906.0,3162483.0,0.0,0.0,23349208.0,7499970.0,7581419.0,0.0,0.0,38430597.0,38430597.0,38430597.0
261,2015-04-01,SNNP,20262695,20577152,15627174.0,4949978.0,0.0,0.0,0.0,15627174.0,4949978.0,0.0,0.0,0.0,13950372.0,2345145.0,4281635.0,0.0,0.0,20577152.0,20577152.0,20577152.0
262,2015-04-01,Somali,6216411,6312882,0.0,6312882.0,0.0,0.0,0.0,0.0,6312882.0,0.0,0.0,0.0,0.0,6312882.0,0.0,0.0,0.0,6312882.0,6312882.0,6312882.0
263,2015-04-01,Tigray,5357192,5440332,1354515.0,4085817.0,0.0,0.0,0.0,1354515.0,4085817.0,0.0,0.0,0.0,1354515.0,4085817.0,0.0,0.0,0.0,5440332.0,5440332.0,5440332.0
264,2015-07-01,Addis Ababa,3585647,3641294,3641294.0,0.0,0.0,0.0,0.0,3641294.0,0.0,0.0,0.0,0.0,3641294.0,0.0,0.0,0.0,0.0,3641294.0,3641294.0,3641294.0
265,2015-07-01,Afar,1904414,1933967,0.0,1648244.0,285723.0,0.0,0.0,0.0,1648244.0,285723.0,0.0,0.0,0.0,1648244.0,285723.0,0.0,0.0,1933967.0,1933967.0,1933967.0
266,2015-07-01,Amhara,21790172,22128343,13394478.0,6442047.0,2291818.0,0.0,0.0,13394478.0,6442047.0,2291818.0,0.0,0.0,16539309.0,5589034.0,0.0,0.0,0.0,22128343.0,22128343.0,22128343.0
267,2015-07-01,Benishangul Gumz,1102849,1119963,1119963.0,0.0,0.0,0.0,0.0,1119963.0,0.0,0.0,0.0,0.0,1119963.0,0.0,0.0,0.0,0.0,1119963.0,1119963.0,1119963.0
268,2015-07-01,Dire Dawa,508918,516816,0.0,516816.0,0.0,0.0,0.0,0.0,516816.0,0.0,0.0,0.0,0.0,516816.0,0.0,0.0,0.0,516816.0,516816.0,516816.0
269,2015-07-01,Gambela,462832,470014,470014.0,0.0,0.0,0.0,0.0,470014.0,0.0,0.0,0.0,0.0,470014.0,0.0,0.0,0.0,0.0,470014.0,470014.0,470014.0
270,2015-07-01,Harari,260022,264057,0.0,264057.0,0.0,0.0,0.0,0.0,264057.0,0.0,0.0,0.0,0.0,264057.0,0.0,0.0,0.0,264057.0,264057.0,264057.0
271,2015-07-01,Oromia,37843293,38430597,22937896.0,9970719.0,5521982.0,0.0,0.0,22937896.0,9970719.0,5521982.0,0.0,0.0,26639964.0,11790633.0,0.0,0.0,0.0,38430597.0,38430597.0,38430597.0
272,2015-07-01,SNNP,20262695,20577152,12882610.0,2442639.0,5251903.0,0.0,0.0,12882610.0,2442639.0,5251903.0,0.0,0.0,14399759.0,6177393.0,0.0,0.0,0.0,20577152.0,20577152.0,20577152.0
273,2015-07-01,Somali,6216411,6312882,0.0,5658671.0,654211.0,0.0,0.0,0.0,5658671.0,654211.0,0.0,0.0,2761947.0,2896724.0,654211.0,0.0,0.0,6312882.0,6312882.0,6312882.0
274,2015-07-01,Tigray,5357192,5440332,1354515.0,4085817.0,0.0,0.0,0.0,1354515.0,4085817.0,0.0,0.0,0.0,2760455.0,2679877.0,0.0,0.0,0.0,5440332.0,5440332.0,5440332.0
275,2015-10-01,Addis Ababa,3585647,3641294,3641294.0,0.0,0.0,0.0,0.0,3641294.0,0.0,0.0,0.0,0.0,3641294.0,0.0,0.0,0.0,0.0,3641294.0,3641294.0,3641294.0
276,2015-10-01,Afar,1904414,1933967,0.0,0.0,1648244.0,285723.0,0.0,0.0,0.0,1648244.0,285723.0,0.0,0.0,0.0,1648244.0,285723.0,0.0,1933967.0,1933967.0,1933967.0
277,2015-10-01,Amhara,21790172,22128343,11065800.0,4894858.0,6167685.0,0.0,0.0,11065800.0,4894858.0,6167685.0,0.0,0.0,11065800.0,4894858.0,6167685.0,0.0,0.0,22128343.0,22128343.0,22128343.0
278,2015-10-01,Benishangul Gumz,1102849,1119963,1119963.0,0.0,0.0,0.0,0.0,1119963.0,0.0,0.0,0.0,0.0,1119963.0,0.0,0.0,0.0,0.0,1119963.0,1119963.0,1119963.0
279,2015-10-01,Dire Dawa,508918,516816,0.0,0.0,516816.0,0.0,0.0,0.0,0.0,516816.0,0.0,0.0,0.0,0.0,516816.0,0.0,0.0,516816.0,516816.0,516816.0
280,2015-10-01,Gambela,462832,470014,470014.0,0.0,0.0,0.0,0.0,470014.0,0.0,0.0,0.0,0.0,470014.0,0.0,0.0,0.0,0.0,470014.0,470014.0,470014.0
281,2015-10-01,Harari,260022,264057,0.0,0.0,264057.0,0.0,0.0,0.0,0.0,264057.0,0.0,0.0,0.0,0.0,264057.0,0.0,0.0,264057.0,264057.0,264057.0
282,2015-10-01,Oromia,37843293,38430597,19016659.0,7824958.0,11588980.0,0.0,0.0,19016659.0,7824958.0,11588980.0,0.0,0.0,19016659.0,7824958.0,5182553.0,6406427.0,0.0,38430597.0,38430597.0,38430597.0
283,2015-10-01,SNNP,20262695,20577152,12673236.0,2955810.0,4948106.0,0.0,0.0,12673236.0,2955810.0,4948106.0,0.0,0.0,12673236.0,2955810.0,4948106.0,0.0,0.0,20577152.0,20577152.0,20577152.0
284,2015-10-01,Somali,6216411,6312882,0.0,5658671.0,0.0,654211.0,0.0,0.0,5658671.0,0.0,654211.0,0.0,0.0,5658671.0,0.0,654211.0,0.0,6312882.0,6312882.0,6312882.0
285,2015-10-01,Tigray,5357192,5440332,1354515.0,0.0,4085817.0,0.0,0.0,1354515.0,0.0,4085817.0,0.0,0.0,1354515.0,0.0,4085817.0,0.0,0.0,5440332.0,5440332.0,5440332.0
286,2016-02-01,Addis Ababa,3585647,3741252,3741252.0,0.0,0.0,0.0,0.0,3741252.0,0.0,0.0,0.0,0.0,3741252.0,0.0,0.0,0.0,0.0,3741252.0,3741252.0,3741252.0
287,2016-02-01,Afar,1904414,1987056,0.0,0.0,1693490.0,293566.0,0.0,0.0,0.0,1693490.0,293566.0,0.0,0.0,0.0,1693490.0,293566.0,0.0,1987056.0,1987056.0,1987056.0
288,2016-02-01,Amhara,21790172,22735788,13077593.0,2392603.0,7265592.0,0.0,0.0,13077593.0,928599.0,8190727.0,538869.0,0.0,10440969.0,0.0,11161415.0,1133404.0,0.0,22735788.0,22735788.0,22735788.0
289,2016-02-01,Benishangul Gumz,1102849,1150707,1150707.0,0.0,0.0,0.0,0.0,1150707.0,0.0,0.0,0.0,0.0,1150707.0,0.0,0.0,0.0,0.0,1150707.0,1150707.0,1150707.0
290,2016-02-01,Dire Dawa,508918,531003,0.0,0.0,531003.0,0.0,0.0,0.0,0.0,531003.0,0.0,0.0,0.0,0.0,531003.0,0.0,0.0,531003.0,531003.0,531003.0
291,2016-02-01,Gambela,462832,482915,482915.0,0.0,0.0,0.0,0.0,482915.0,0.0,0.0,0.0,0.0,482915.0,0.0,0.0,0.0,0.0,482915.0,482915.0,482915.0
292,2016-02-01,Harari,260022,271306,0.0,0.0,271306.0,0.0,0.0,0.0,0.0,271306.0,0.0,0.0,0.0,0.0,271306.0,0.0,0.0,271306.0,271306.0,271306.0
293,2016-02-01,Oromia,37843293,39485558,19538686.0,8039762.0,5324820.0,6582290.0,0.0,19538686.0,4236068.0,9128514.0,6582290.0,0.0,19538686.0,2538574.0,10826008.0,6582290.0,0.0,39485558.0,39485558.0,39485558.0
294,2016-02-01,SNNP,20262695,21142017,13972026.0,3859972.0,3310019.0,0.0,0.0,13972026.0,3859972.0,3310019.0,0.0,0.0,11840179.0,7518075.0,1783763.0,0.0,0.0,21142017.0,21142017.0,21142017.0
295,2016-02-01,Somali,6216411,6486177,3759834.0,2054173.0,0.0,672170.0,0.0,3759834.0,2054173.0,0.0,672170.0,0.0,4040404.0,1773603.0,0.0,672170.0,0.0,6486177.0,6486177.0,6486177.0
296,2016-02-01,Tigray,5357192,5589674,459671.0,5130003.0,0.0,0.0,0.0,459671.0,5130003.0,0.0,0.0,0.0,459671.0,932026.0,4197977.0,0.0,0.0,5589674.0,5589674.0,5589674.0
297,2016-06-01,Addis Ababa,3585647,3741252,3741252.0,0.0,0.0,0.0,0.0,3741252.0,0.0,0.0,0.0,0.0,3741252.0,0.0,0.0,0.0,0.0,3741252.0,3741252.0,3741252.0
298,2016-06-01,Afar,1904414,1987056,0.0,1693490.0,293566.0,0.0,0.0,0.0,1693490.0,293566.0,0.0,0.0,0.0,1693490.0,293566.0,0.0,0.0,1987056.0,1987056.0,1987056.0
299,2016-06-01,Amhara,21790172,22735788,10440969.0,11161415.0,1133404.0,0.0,0.0,10440969.0,11161415.0,1133404.0,0.0,0.0,16815835.0,5919953.0,0.0,0.0,0.0,22735788.0,22735788.0,22735788.0
300,2016-06-01,Benishangul Gumz,1102849,1150707,1150707.0,0.0,0.0,0.0,0.0,1150707.0,0.0,0.0,0.0,0.0,1150707.0,0.0,0.0,0.0,0.0,1150707.0,1150707.0,1150707.0
301,2016-06-01,Dire Dawa,508918,531003,0.0,0.0,531003.0,0.0,0.0,0.0,0.0,531003.0,0.0,0.0,0.0,531003.0,0.0,0.0,0.0,531003.0,531003.0,531003.0
302,2016-06-01,Gambela,462832,482915,482915.0,0.0,0.0,0.0,0.0,482915.0,0.0,0.0,0.0,0.0,482915.0,0.0,0.0,0.0,0.0,482915.0,482915.0,482915.0
303,2016-06-01,Harari,260022,271306,0.0,0.0,271306.0,0.0,0.0,0.0,0.0,271306.0,0.0,0.0,0.0,271306.0,0.0,0.0,0.0,271306.0,271306.0,271306.0
304,2016-06-01,Oromia,37843293,39485558,19538686.0,10371147.0,9575725.0,0.0,0.0,19538686.0,10371147.0,9575725.0,0.0,0.0,30364694.0,9120864.0,0.0,0.0,0.0,39485558.0,39485558.0,39485558.0
305,2016-06-01,SNNP,20262695,21142017,11840179.0,5991819.0,3310019.0,0.0,0.0,11840179.0,7518075.0,1783763.0,0.0,0.0,21142017.0,0.0,0.0,0.0,0.0,21142017.0,21142017.0,21142017.0
306,2016-06-01,Somali,6216411,6486177,3232721.0,2581286.0,672170.0,0.0,0.0,3232721.0,2581286.0,672170.0,0.0,0.0,0.0,5814007.0,672170.0,0.0,0.0,6486177.0,6486177.0,6486177.0
307,2016-06-01,Tigray,5357192,5589674,459671.0,5130003.0,0.0,0.0,0.0,459671.0,5130003.0,0.0,0.0,0.0,5589674.0,0.0,0.0,0.0,0.0,5589674.0,5589674.0,5589674.0
308,2016-10-01,Addis Ababa,3585647,3741252,3741252.0,0.0,0.0,0.0,0.0,3741252.0,0.0,0.0,0.0,0.0,3741252.0,0.0,0.0,0.0,0.0,3741252.0,3741252.0,3741252.0
309,2016-10-01,Afar,1904414,1987056,0.0,1693490.0,293566.0,0.0,0.0,0.0,1693490.0,293566.0,0.0,0.0,0.0,1693490.0,293566.0,0.0,0.0,1987056.0,1987056.0,1987056.0
310,2016-10-01,Amhara,21790172,22735788,22196919.0,538869.0,0.0,0.0,0.0,22196919.0,538869.0,0.0,0.0,0.0,16815835.0,5381084.0,538869.0,0.0,0.0,22735788.0,22735788.0,22735788.0
311,2016-10-01,Benishangul Gumz,1102849,1150707,1150707.0,0.0,0.0,0.0,0.0,1150707.0,0.0,0.0,0.0,0.0,1150707.0,0.0,0.0,0.0,0.0,1150707.0,1150707.0,1150707.0
312,2016-10-01,Dire Dawa,508918,531003,0.0,531003.0,0.0,0.0,0.0,531003.0,0.0,0.0,0.0,0.0,0.0,531003.0,0.0,0.0,0.0,531003.0,531003.0,531003.0
313,2016-10-01,Gambela,462832,482915,482915.0,0.0,0.0,0.0,0.0,482915.0,0.0,0.0,0.0,0.0,482915.0,0.0,0.0,0.0,0.0,482915.0,482915.0,482915.0
314,2016-10-01,Harari,260022,271306,0.0,271306.0,0.0,0.0,0.0,271306.0,0.0,0.0,0.0,0.0,0.0,271306.0,0.0,0.0,0.0,271306.0,271306.0,271306.0
315,2016-10-01,Oromia,37843293,39485558,16715502.0,22770056.0,0.0,0.0,0.0,27541510.0,11944048.0,0.0,0.0,0.0,27541510.0,2680132.0,9263916.0,0.0,0.0,39485558.0,39485558.0,39485558.0
316,2016-10-01,SNNP,20262695,21142017,20058457.0,1083560.0,0.0,0.0,0.0,20058457.0,1083560.0,0.0,0.0,0.0,7960416.0,9390834.0,3790767.0,0.0,0.0,21142017.0,21142017.0,21142017.0
317,2016-10-01,Somali,6216411,6486177,0.0,5814007.0,672170.0,0.0,0.0,0.0,5814007.0,672170.0,0.0,0.0,0.0,1296636.0,5189541.0,0.0,0.0,6486177.0,6486177.0,6486177.0
318,2016-10-01,Tigray,5357192,5589674,5589674.0,0.0,0.0,0.0,0.0,5589674.0,0.0,0.0,0.0,0.0,1828178.0,3761496.0,0.0,0.0,0.0,5589674.0,5589674.0,5589674.0
319,2017-02-01,Addis Ababa,3585647,3842238,3842238.0,0.0,0.0,0.0,0.0,3842238.0,0.0,0.0,0.0,0.0,3842238.0,0.0,0.0,0.0,0.0,3842238.0,3842238.0,3842238.0
320,2017-02-01,Afar,1904414,2040693,0.0,1739202.0,301491.0,0.0,0.0,0.0,1739202.0,301491.0,0.0,0.0,0.0,2040693.0,0.0,0.0,0.0,2040693.0,2040693.0,2040693.0
321,2017-02-01,Amhara,21790172,23349486,22796071.0,553415.0,0.0,0.0,0.0,22796071.0,553415.0,0.0,0.0,0.0,20931195.0,1864876.0,553415.0,0.0,0.0,23349486.0,23349486.0,23349486.0
322,2017-02-01,Benishangul Gumz,1102849,1181767,1181767.0,0.0,0.0,0.0,0.0,1181767.0,0.0,0.0,0.0,0.0,1181767.0,0.0,0.0,0.0,0.0,1181767.0,1181767.0,1181767.0
323,2017-02-01,Dire Dawa,508918,545336,0.0,545336.0,0.0,0.0,0.0,0.0,545336.0,0.0,0.0,0.0,0.0,0.0,545336.0,0.0,0.0,545336.0,545336.0,545336.0
324,2017-02-01,Gambela,462832,495950,495950.0,0.0,0.0,0.0,0.0,495950.0,0.0,0.0,0.0,0.0,495950.0,0.0,0.0,0.0,0.0,495950.0,495950.0,495950.0
325,2017-02-01,Harari,260022,278629,0.0,278629.0,0.0,0.0,0.0,0.0,278629.0,0.0,0.0,0.0,0.0,278629.0,0.0,0.0,0.0,278629.0,278629.0,278629.0
326,2017-02-01,Oromia,37843293,40551373,27201440.0,11761375.0,1588558.0,0.0,0.0,27201440.0,9738807.0,3611126.0,0.0,0.0,25890609.0,7712634.0,6948130.0,0.0,0.0,40551373.0,40551373.0,40551373.0
327,2017-02-01,SNNP,20262695,21712695,8175287.0,12222621.0,1314787.0,0.0,0.0,8175287.0,12222621.0,1314787.0,0.0,0.0,7485276.0,9141040.0,5086379.0,0.0,0.0,21712695.0,21712695.0,21712695.0
328,2017-02-01,Somali,6216411,6661255,0.0,1331635.0,5329620.0,0.0,0.0,0.0,1331635.0,5329620.0,0.0,0.0,0.0,2021949.0,4639306.0,0.0,0.0,6661255.0,6661255.0,6661255.0
329,2017-02-01,Tigray,5357192,5740553,3361051.0,2379502.0,0.0,0.0,0.0,1877525.0,3863028.0,0.0,0.0,0.0,3361051.0,1813505.0,565997.0,0.0,0.0,5740553.0,5740553.0,5740553.0
330,2017-06-01,Addis Ababa,3585647,3842238,3842238.0,0.0,0.0,0.0,0.0,3842238.0,0.0,0.0,0.0,0.0,3842238.0,0.0,0.0,0.0,0.0,3842238.0,3842238.0,3842238.0
331,2017-06-01,Afar,1904414,2040693,0.0,2040693.0,0.0,0.0,0.0,0.0,2040693.0,0.0,0.0,0.0,822543.0,1218150.0,0.0,0.0,0.0,2040693.0,2040693.0,2040693.0
332,2017-06-01,Amhara,21790172,23349486,13790565.0,9005506.0,553415.0,0.0,0.0,16498359.0,6297712.0,553415.0,0.0,0.0,22796071.0,553415.0,0.0,0.0,0.0,23349486.0,23349486.0,23349486.0
333,2017-06-01,Benishangul Gumz,1102849,1181767,1181767.0,0.0,0.0,0.0,0.0,1181767.0,0.0,0.0,0.0,0.0,1181767.0,0.0,0.0,0.0,0.0,1181767.0,1181767.0,1181767.0
334,2017-06-01,Dire Dawa,508918,545336,0.0,0.0,545336.0,0.0,0.0,0.0,0.0,545336.0,0.0,0.0,0.0,545336.0,0.0,0.0,0.0,545336.0,545336.0,545336.0
335,2017-06-01,Gambela,462832,495950,495950.0,0.0,0.0,0.0,0.0,495950.0,0.0,0.0,0.0,0.0,495950.0,0.0,0.0,0.0,0.0,495950.0,495950.0,495950.0
336,2017-06-01,Harari,260022,278629,0.0,278629.0,0.0,0.0,0.0,0.0,278629.0,0.0,0.0,0.0,0.0,278629.0,0.0,0.0,0.0,278629.0,278629.0,278629.0
337,2017-06-01,Oromia,37843293,40551373,25890609.0,12487678.0,2173086.0,0.0,0.0,25890609.0,9735202.0,4925562.0,0.0,0.0,33206881.0,7344492.0,0.0,0.0,0.0,40551373.0,40551373.0,40551373.0
338,2017-06-01,SNNP,20262695,21712695,6508713.0,10117603.0,5086379.0,0.0,0.0,6508713.0,10117603.0,5086379.0,0.0,0.0,15649753.0,6062942.0,0.0,0.0,0.0,21712695.0,21712695.0,21712695.0
339,2017-06-01,Somali,6216411,6661255,0.0,2021949.0,2245850.0,2393456.0,0.0,0.0,2021949.0,2245850.0,2393456.0,0.0,0.0,3341275.0,926524.0,2393456.0,0.0,6661255.0,6661255.0,6661255.0
340,2017-06-01,Tigray,5357192,5740553,1429263.0,4311290.0,0.0,0.0,0.0,1429263.0,3745293.0,565997.0,0.0,0.0,5174556.0,565997.0,0.0,0.0,0.0,5740553.0,5740553.0,5740553.0
341,2017-10-01,Addis Ababa,3585647,3842238,3842238.0,0.0,0.0,0.0,0.0,3842238.0,0.0,0.0,0.0,0.0,3842238.0,0.0,0.0,0.0,0.0,3842238.0,3842238.0,3842238.0
342,2017-10-01,Afar,1904414,2040693,0.0,2040693.0,0.0,0.0,0.0,0.0,2040693.0,0.0,0.0,0.0,0.0,2040693.0,0.0,0.0,0.0,2040693.0,2040693.0,2040693.0
343,2017-10-01,Amhara,21790172,23349486,16498359.0,6851127.0,0.0,0.0,0.0,22796071.0,553415.0,0.0,0.0,0.0,19977531.0,2818540.0,553415.0,0.0,0.0,23349486.0,23349486.0,23349486.0
344,2017-10-01,Benishangul Gumz,1102849,1181767,1181767.0,0.0,0.0,0.0,0.0,1181767.0,0.0,0.0,0.0,0.0,1181767.0,0.0,0.0,0.0,0.0,1181767.0,1181767.0,1181767.0
345,2017-10-01,Dire Dawa,508918,545336,0.0,545336.0,0.0,0.0,0.0,0.0,545336.0,0.0,0.0,0.0,0.0,545336.0,0.0,0.0,0.0,545336.0,545336.0,545336.0
346,2017-10-01,Gambela,462832,495950,495950.0,0.0,0.0,0.0,0.0,495950.0,0.0,0.0,0.0,0.0,495950.0,0.0,0.0,0.0,0.0,495950.0,495950.0,495950.0
347,2017-10-01,Harari,260022,278629,0.0,278629.0,0.0,0.0,0.0,0.0,278629.0,0.0,0.0,0.0,0.0,278629.0,0.0,0.0,0.0,278629.0,278629.0,278629.0
348,2017-10-01,Oromia,37843293,40551373,24838942.0,15712431.0,0.0,0.0,0.0,33059968.0,6906877.0,584528.0,0.0,0.0,31037400.0,6906877.0,2607096.0,0.0,0.0,40551373.0,40551373.0,40551373.0
349,2017-10-01,SNNP,20262695,21712695,4605997.0,17106698.0,0.0,0.0,0.0,15877188.0,5835507.0,0.0,0.0,0.0,4605997.0,12057332.0,5049366.0,0.0,0.0,21712695.0,21712695.0,21712695.0
350,2017-10-01,Somali,6216411,6661255,0.0,3341275.0,1628211.0,1691769.0,0.0,0.0,2021949.0,2947537.0,1691769.0,0.0,0.0,2021949.0,1319326.0,3319980.0,0.0,6661255.0,6661255.0,6661255.0
351,2017-10-01,Tigray,5357192,5740553,1429263.0,4311290.0,0.0,0.0,0.0,5740553.0,0.0,0.0,0.0,0.0,4167233.0,1573320.0,0.0,0.0,0.0,5740553.0,5740553.0,5740553.0
352,2018-02-01,Addis Ababa,3585647,3944235,3944235.0,0.0,0.0,0.0,0.0,3944235.0,0.0,0.0,0.0,0.0,3944235.0,0.0,0.0,0.0,0.0,3944235.0,3944235.0,3944235.0
353,2018-02-01,Afar,1904414,2094865,0.0,2094865.0,0.0,0.0,0.0,0.0,2094865.0,0.0,0.0,0.0,0.0,2094865.0,0.0,0.0,0.0,2094865.0,2094865.0,2094865.0
354,2018-02-01,Amhara,21790172,23969331,23401225.0,568106.0,0.0,0.0,0.0,18707167.0,5262164.0,0.0,0.0,0.0,14156656.0,8265589.0,1547086.0,0.0,0.0,23969331.0,23969331.0,23969331.0
355,2018-02-01,Benishangul Gumz,1102849,1213139,1213139.0,0.0,0.0,0.0,0.0,1213139.0,0.0,0.0,0.0,0.0,1213139.0,0.0,0.0,0.0,0.0,1213139.0,1213139.0,1213139.0
356,2018-02-01,Dire Dawa,508918,559812,0.0,559812.0,0.0,0.0,0.0,0.0,559812.0,0.0,0.0,0.0,0.0,559812.0,0.0,0.0,0.0,559812.0,559812.0,559812.0
357,2018-02-01,Gambela,462832,509117,509117.0,0.0,0.0,0.0,0.0,509117.0,0.0,0.0,0.0,0.0,509117.0,0.0,0.0,0.0,0.0,509117.0,509117.0,509117.0
358,2018-02-01,Harari,260022,286025,0.0,286025.0,0.0,0.0,0.0,0.0,286025.0,0.0,0.0,0.0,0.0,286025.0,0.0,0.0,0.0,286025.0,286025.0,286025.0
359,2018-02-01,Oromia,37843293,41627866,29035787.0,9915774.0,2676305.0,0.0,0.0,29035787.0,10515819.0,2076260.0,0.0,0.0,25879942.0,6732248.0,9015676.0,0.0,0.0,41627866.0,41627866.0,41627866.0
360,2018-02-01,SNNP,20262695,22289090,4728272.0,17560818.0,0.0,0.0,0.0,6598435.0,14876839.0,813816.0,0.0,0.0,4728272.0,17560818.0,0.0,0.0,0.0,22289090.0,22289090.0,22289090.0
361,2018-02-01,Somali,6216411,6838090,0.0,2075625.0,4762465.0,0.0,0.0,0.0,2075625.0,4762465.0,0.0,0.0,0.0,2075625.0,1822759.0,2939706.0,0.0,6838090.0,6838090.0,6838090.0
362,2018-02-01,Tigray,5357192,5892944,4858880.0,1034064.0,0.0,0.0,0.0,1467205.0,4425739.0,0.0,0.0,0.0,1467205.0,1408605.0,3017134.0,0.0,0.0,5892944.0,5892944.0,5892944.0
363,2018-06-01,Addis Ababa,3585647,3944235,3944235.0,0.0,0.0,0.0,0.0,3944235.0,0.0,0.0,0.0,0.0,3944235.0,0.0,0.0,0.0,0.0,3944235.0,3944235.0,3944235.0
364,2018-06-01,Afar,1904414,2094865,0.0,2094865.0,0.0,0.0,0.0,0.0,2094865.0,0.0,0.0,0.0,0.0,2094865.0,0.0,0.0,0.0,2094865.0,2094865.0,2094865.0
365,2018-06-01,Amhara,21790172,23969331,14156656.0,9812675.0,0.0,0.0,0.0,14156656.0,8265589.0,1547086.0,0.0,0.0,23401225.0,568106.0,0.0,0.0,0.0,23969331.0,23969331.0,23969331.0
366,2018-06-01,Benishangul Gumz,1102849,1213139,1213139.0,0.0,0.0,0.0,0.0,1213139.0,0.0,0.0,0.0,0.0,1213139.0,0.0,0.0,0.0,0.0,1213139.0,1213139.0,1213139.0
367,2018-06-01,Dire Dawa,508918,559812,0.0,559812.0,0.0,0.0,0.0,0.0,559812.0,0.0,0.0,0.0,0.0,559812.0,0.0,0.0,0.0,559812.0,559812.0,559812.0
368,2018-06-01,Gambela,462832,509117,509117.0,0.0,0.0,0.0,0.0,509117.0,0.0,0.0,0.0,0.0,509117.0,0.0,0.0,0.0,0.0,509117.0,509117.0,509117.0
369,2018-06-01,Harari,260022,286025,0.0,286025.0,0.0,0.0,0.0,0.0,286025.0,0.0,0.0,0.0,0.0,286025.0,0.0,0.0,0.0,286025.0,286025.0,286025.0
370,2018-06-01,Oromia,37843293,41627866,30666516.0,6847478.0,4113872.0,0.0,0.0,30666516.0,6847478.0,4113872.0,0.0,0.0,33492060.0,4021934.0,4113872.0,0.0,0.0,41627866.0,41627866.0,41627866.0
371,2018-06-01,SNNP,20262695,22289090,4728272.0,16236892.0,1323926.0,0.0,0.0,18349707.0,2615457.0,1323926.0,0.0,0.0,20965164.0,78901.0,1245025.0,0.0,0.0,22289090.0,22289090.0,22289090.0
372,2018-06-01,Somali,6216411,6838090,0.0,3019757.0,3818333.0,0.0,0.0,0.0,4598564.0,2239526.0,0.0,0.0,0.0,4598564.0,2239526.0,0.0,0.0,6838090.0,6838090.0,6838090.0
373,2018-06-01,Tigray,5357192,5892944,1467205.0,4425739.0,0.0,0.0,0.0,1467205.0,4425739.0,0.0,0.0,0.0,5892944.0,0.0,0.0,0.0,0.0,5892944.0,5892944.0,5892944.0
374,2018-10-01,Addis Ababa,3585647,3944235,3944235.0,0.0,0.0,0.0,0.0,3944235.0,0.0,0.0,0.0,0.0,3944235.0,0.0,0.0,0.0,0.0,3944235.0,3944235.0,3944235.0
375,2018-10-01,Afar,1904414,2094865,0.0,1551722.0,543143.0,0.0,0.0,0.0,1551722.0,543143.0,0.0,0.0,0.0,1551722.0,543143.0,0.0,0.0,2094865.0,2094865.0,2094865.0
376,2018-10-01,Amhara,21790172,23969331,17728187.0,6241144.0,0.0,0.0,0.0,23969331.0,0.0,0.0,0.0,0.0,23401225.0,568106.0,0.0,0.0,0.0,23969331.0,23969331.0,23969331.0
377,2018-10-01,Benishangul Gumz,1102849,1213139,1213139.0,0.0,0.0,0.0,0.0,1213139.0,0.0,0.0,0.0,0.0,1213139.0,0.0,0.0,0.0,0.0,1213139.0,1213139.0,1213139.0
378,2018-10-01,Dire Dawa,508918,559812,0.0,559812.0,0.0,0.0,0.0,559812.0,0.0,0.0,0.0,0.0,0.0,559812.0,0.0,0.0,0.0,559812.0,559812.0,559812.0
379,2018-10-01,Gambela,462832,509117,509117.0,0.0,0.0,0.0,0.0,509117.0,0.0,0.0,0.0,0.0,509117.0,0.0,0.0,0.0,0.0,509117.0,509117.0,509117.0
380,2018-10-01,Harari,260022,286025,0.0,286025.0,0.0,0.0,0.0,286025.0,0.0,0.0,0.0,0.0,0.0,286025.0,0.0,0.0,0.0,286025.0,286025.0,286025.0
381,2018-10-01,Oromia,37843293,41627866,30666516.0,4021934.0,6939416.0,0.0,0.0,30666516.0,6847478.0,4113872.0,0.0,0.0,32612190.0,0.0,9015676.0,0.0,0.0,41627866.0,41627866.0,41627866.0
382,2018-10-01,SNNP,20262695,22289090,20135612.0,829552.0,1323926.0,0.0,0.0,20965164.0,0.0,1323926.0,0.0,0.0,18398670.0,2566494.0,1323926.0,0.0,0.0,22289090.0,22289090.0,22289090.0
383,2018-10-01,Somali,6216411,6838090,0.0,4063829.0,2774261.0,0.0,0.0,0.0,5161646.0,1676444.0,0.0,0.0,0.0,5161646.0,1676444.0,0.0,0.0,6838090.0,6838090.0,6838090.0
384,2018-10-01,Tigray,5357192,5892944,1467205.0,4425739.0,0.0,0.0,0.0,5892944.0,0.0,0.0,0.0,0.0,5892944.0,0.0,0.0,0.0,0.0,5892944.0,5892944.0,5892944.0
385,2019-02-01,Addis Ababa,3585647,4047303,4047303.0,0.0,0.0,0.0,0.0,4047303.0,0.0,0.0,0.0,0.0,4047303.0,0.0,0.0,0.0,0.0,4047303.0,4047303.0,4047303.0
386,2019-02-01,Afar,1904414,2149607,0.0,1279771.0,869836.0,0.0,0.0,0.0,1279771.0,869836.0,0.0,0.0,0.0,1592271.0,557336.0,0.0,0.0,2149607.0,2149607.0,2149607.0
387,2019-02-01,Amhara,21790172,24595678,24595678.0,0.0,0.0,0.0,0.0,20347867.0,4247811.0,0.0,0.0,0.0,17378898.0,6633829.0,582951.0,0.0,0.0,24595678.0,24595678.0,24595678.0
388,2019-02-01,Benishangul Gumz,1102849,1244839,1244839.0,0.0,0.0,0.0,0.0,1244839.0,0.0,0.0,0.0,0.0,1244839.0,0.0,0.0,0.0,0.0,1244839.0,1244839.0,1244839.0
389,2019-02-01,Dire Dawa,508918,574441,574441.0,0.0,0.0,0.0,0.0,0.0,574441.0,0.0,0.0,0.0,0.0,574441.0,0.0,0.0,0.0,574441.0,574441.0,574441.0
390,2019-02-01,Gambela,462832,522421,522421.0,0.0,0.0,0.0,0.0,522421.0,0.0,0.0,0.0,0.0,522421.0,0.0,0.0,0.0,0.0,522421.0,522421.0,522421.0
391,2019-02-01,Harari,260022,293500,0.0,293500.0,0.0,0.0,0.0,0.0,293500.0,0.0,0.0,0.0,0.0,293500.0,0.0,0.0,0.0,293500.0,293500.0,293500.0
392,2019-02-01,Oromia,37843293,42715654,31467871.0,7026411.0,4221372.0,0.0,0.0,29794529.0,4280171.0,8640954.0,0.0,0.0,27272426.0,6649135.0,8794093.0,0.0,0.0,42715654.0,42715654.0,42715654.0
393,2019-02-01,SNNP,20262695,22871531,20120419.0,2751112.0,0.0,0.0,0.0,8714586.0,12338025.0,1818920.0,0.0,0.0,8714586.0,11916131.0,2240814.0,0.0,0.0,22871531.0,22871531.0,22871531.0
394,2019-02-01,Somali,6216411,7016777,0.0,2767314.0,4249463.0,0.0,0.0,0.0,1275866.0,5740911.0,0.0,0.0,0.0,3893819.0,3122958.0,0.0,0.0,7016777.0,7016777.0,7016777.0
395,2019-02-01,Tigray,5357192,6046935,6046935.0,0.0,0.0,0.0,0.0,2354753.0,3692182.0,0.0,0.0,0.0,3917457.0,2129478.0,0.0,0.0,0.0,6046935.0,6046935.0,6046935.0
396,2019-06-01,Addis Ababa,3585647,4047303,4047303.0,0.0,0.0,0.0,0.0,4047303.0,0.0,0.0,0.0,0.0,4047303.0,0.0,0.0,0.0,0.0,4047303.0,4047303.0,4047303.0
397,2019-06-01,Afar,1904414,2149607,0.0,1592271.0,557336.0,0.0,0.0,0.0,1592271.0,557336.0,0.0,0.0,0.0,1592271.0,557336.0,0.0,0.0,2149607.0,2149607.0,2149607.0
398,2019-06-01,Amhara,21790172,24595678,17378898.0,6633829.0,582951.0,0.0,0.0,17378898.0,6633829.0,582951.0,0.0,0.0,24012727.0,582951.0,0.0,0.0,0.0,24595678.0,24595678.0,24595678.0
399,2019-06-01,Benishangul Gumz,1102849,1244839,1244839.0,0.0,0.0,0.0,0.0,1244839.0,0.0,0.0,0.0,0.0,1244839.0,0.0,0.0,0.0,0.0,1244839.0,1244839.0,1244839.0
400,2019-06-01,Dire Dawa,508918,574441,0.0,574441.0,0.0,0.0,0.0,0.0,574441.0,0.0,0.0,0.0,0.0,574441.0,0.0,0.0,0.0,574441.0,574441.0,574441.0
401,2019-06-01,Gambela,462832,522421,522421.0,0.0,0.0,0.0,0.0,522421.0,0.0,0.0,0.0,0.0,522421.0,0.0,0.0,0.0,0.0,522421.0,522421.0,522421.0
402,2019-06-01,Harari,260022,293500,0.0,293500.0,0.0,0.0,0.0,0.0,293500.0,0.0,0.0,0.0,0.0,293500.0,0.0,0.0,0.0,293500.0,293500.0,293500.0
403,2019-06-01,Oromia,37843293,42715654,27272426.0,3902895.0,11540333.0,0.0,0.0,27272426.0,3902895.0,11540333.0,0.0,0.0,29794529.0,4895896.0,8025229.0,0.0,0.0,42715654.0,42715654.0,42715654.0
404,2019-06-01,SNNP,20262695,22871531,6850716.0,12928772.0,3092043.0,0.0,0.0,6850716.0,14743256.0,1277559.0,0.0,0.0,20742743.0,851229.0,1277559.0,0.0,0.0,22871531.0,22871531.0,22871531.0
405,2019-06-01,Somali,6216411,7016777,0.0,1402707.0,5614070.0,0.0,0.0,0.0,2129864.0,4886913.0,0.0,0.0,0.0,3931076.0,3085701.0,0.0,0.0,7016777.0,7016777.0,7016777.0
406,2019-06-01,Tigray,5357192,6046935,3917457.0,2129478.0,0.0,0.0,0.0,3917457.0,2129478.0,0.0,0.0,0.0,6046935.0,0.0,0.0,0.0,0.0,6046935.0,6046935.0,6046935.0
407,2019-10-01,Addis Ababa,3585647,4047303,4047303.0,0.0,0.0,0.0,0.0,4047303.0,0.0,0.0,0.0,0.0,4047303.0,0.0,0.0,0.0,0.0,4047303.0,4047303.0,4047303.0
408,2019-10-01,Afar,1904414,2149607,0.0,1279771.0,869836.0,0.0,0.0,0.0,1279771.0,869836.0,0.0,0.0,0.0,1279771.0,869836.0,0.0,0.0,2149607.0,2149607.0,2149607.0
409,2019-10-01,Amhara,21790172,24595678,14526586.0,9486141.0,582951.0,0.0,0.0,21160415.0,3435263.0,0.0,0.0,0.0,14526586.0,6633829.0,3435263.0,0.0,0.0,24595678.0,24595678.0,24595678.0
410,2019-10-01,Benishangul Gumz,1102849,1244839,1244839.0,0.0,0.0,0.0,0.0,1244839.0,0.0,0.0,0.0,0.0,1244839.0,0.0,0.0,0.0,0.0,1244839.0,1244839.0,1244839.0
411,2019-10-01,Dire Dawa,508918,574441,361183.0,213258.0,0.0,0.0,0.0,361183.0,213258.0,0.0,0.0,0.0,361183.0,213258.0,0.0,0.0,0.0,574441.0,574441.0,574441.0
412,2019-10-01,Gambela,462832,522421,522421.0,0.0,0.0,0.0,0.0,522421.0,0.0,0.0,0.0,0.0,522421.0,0.0,0.0,0.0,0.0,522421.0,522421.0,522421.0
413,2019-10-01,Harari,260022,293500,0.0,293500.0,0.0,0.0,0.0,0.0,293500.0,0.0,0.0,0.0,0.0,293500.0,0.0,0.0,0.0,293500.0,293500.0,293500.0
414,2019-10-01,Oromia,37843293,42715654,27272426.0,6191962.0,9251266.0,0.0,0.0,29794529.0,4895896.0,8025229.0,0.0,0.0,33464388.0,0.0,9251266.0,0.0,0.0,42715654.0,42715654.0,42715654.0
415,2019-10-01,SNNP,20262695,22871531,12337603.0,9256369.0,1277559.0,0.0,0.0,18136111.0,4735420.0,0.0,0.0,0.0,5663898.0,13323442.0,3884191.0,0.0,0.0,22871531.0,22871531.0,22871531.0
416,2019-10-01,Somali,6216411,7016777,0.0,2129864.0,4886913.0,0.0,0.0,0.0,5381849.0,1634928.0,0.0,0.0,0.0,5627036.0,1389741.0,0.0,0.0,7016777.0,7016777.0,7016777.0
417,2019-10-01,Tigray,5357192,6046935,3540435.0,1445414.0,1061086.0,0.0,0.0,4136640.0,1910295.0,0.0,0.0,0.0,3540435.0,596205.0,1910295.0,0.0,0.0,6046935.0,6046935.0,6046935.0
418,2020-02-01,Addis Ababa,3585647,4047303,4047303.0,0.0,0.0,0.0,0.0,4047303.0,0.0,0.0,0.0,0.0,4047303.0,0.0,0.0,0.0,0.0,4047303.0,4047303.0,4047303.0
419,2020-02-01,Afar,1904414,2149607,317582.0,1519525.0,312500.0,0.0,0.0,317582.0,962189.0,869836.0,0.0,0.0,0.0,553944.0,1595663.0,0.0,0.0,2149607.0,2149607.0,2149607.0
420,2020-02-01,Amhara,21790172,24595678,24012727.0,582951.0,0.0,0.0,0.0,16735727.0,7859951.0,0.0,0.0,0.0,13883415.0,6272438.0,4439825.0,0.0,0.0,24595678.0,24595678.0,24595678.0
421,2020-02-01,Benishangul Gumz,1102849,1244839,1244839.0,0.0,0.0,0.0,0.0,1244839.0,0.0,0.0,0.0,0.0,1244839.0,0.0,0.0,0.0,0.0,1244839.0,1244839.0,1244839.0
422,2020-02-01,Dire Dawa,508918,574441,361183.0,213258.0,0.0,0.0,0.0,361183.0,213258.0,0.0,0.0,0.0,361183.0,213258.0,0.0,0.0,0.0,574441.0,574441.0,574441.0
423,2020-02-01,Gambela,462832,522421,522421.0,0.0,0.0,0.0,0.0,522421.0,0.0,0.0,0.0,0.0,522421.0,0.0,0.0,0.0,0.0,522421.0,522421.0,522421.0
424,2020-02-01,Harari,260022,293500,0.0,293500.0,0.0,0.0,0.0,0.0,293500.0,0.0,0.0,0.0,0.0,293500.0,0.0,0.0,0.0,293500.0,293500.0,293500.0
425,2020-02-01,Oromia,37843293,42715654,29794529.0,4419582.0,8501543.0,0.0,0.0,29794529.0,2746240.0,10174885.0,0.0,0.0,29794529.0,615725.0,12305400.0,0.0,0.0,42715654.0,42715654.0,42715654.0
426,2020-02-01,SNNP,20262695,22871531,6123879.0,12175605.0,4572047.0,0.0,0.0,4937061.0,13142033.0,4792437.0,0.0,0.0,11122447.0,9427307.0,2321777.0,0.0,0.0,22871531.0,22871531.0,22871531.0
427,2020-02-01,Somali,6216411,7016777,0.0,6197269.0,819508.0,0.0,0.0,0.0,6197269.0,819508.0,0.0,0.0,0.0,5289355.0,1727422.0,0.0,0.0,7016777.0,7016777.0,7016777.0
428,2020-02-01,Tigray,5357192,6046935,4136640.0,1910295.0,0.0,0.0,0.0,3540435.0,1445414.0,1061086.0,0.0,0.0,1977731.0,2158909.0,1910295.0,0.0,0.0,6046935.0,6046935.0,6046935.0
429,2020-06-01,Addis Ababa,3585647,4047303,4047303.0,0.0,0.0,0.0,0.0,4047303.0,0.0,0.0,0.0,0.0,4047303.0,0.0,0.0,0.0,0.0,4047303.0,4047303.0,4047303.0
430,2020-06-01,Afar,1904414,2149607,0.0,1279771.0,869836.0,0.0,0.0,0.0,553944.0,1595663.0,0.0,0.0,0.0,553944.0,1595663.0,0.0,0.0,2149607.0,2149607.0,2149607.0
431,2020-06-01,Amhara,21790172,24595678,16735727.0,3612140.0,4247811.0,0.0,0.0,14147398.0,8217596.0,2230684.0,0.0,0.0,21043758.0,3551920.0,0.0,0.0,0.0,24595678.0,24595678.0,24595678.0
432,2020-06-01,Benishangul Gumz,1102849,1244839,1244839.0,0.0,0.0,0.0,0.0,1244839.0,0.0,0.0,0.0,0.0,1244839.0,0.0,0.0,0.0,0.0,1244839.0,1244839.0,1244839.0
433,2020-06-01,Dire Dawa,508918,574441,361183.0,213258.0,0.0,0.0,0.0,361183.0,213258.0,0.0,0.0,0.0,361183.0,213258.0,0.0,0.0,0.0,574441.0,574441.0,574441.0
434,2020-06-01,Gambela,462832,522421,337245.0,185176.0,0.0,0.0,0.0,337245.0,185176.0,0.0,0.0,0.0,522421.0,0.0,0.0,0.0,0.0,522421.0,522421.0,522421.0
435,2020-06-01,Harari,260022,293500,0.0,293500.0,0.0,0.0,0.0,0.0,0.0,293500.0,0.0,0.0,0.0,293500.0,0.0,0.0,0.0,293500.0,293500.0,293500.0
436,2020-06-01,Oromia,37843293,42715654,29794529.0,9117268.0,3803857.0,0.0,0.0,27272426.0,5602164.0,9841064.0,0.0,0.0,29794529.0,3803857.0,9117268.0,0.0,0.0,42715654.0,42715654.0,42715654.0
437,2020-06-01,SNNP,20262695,22871531,4937061.0,14909080.0,3025390.0,0.0,0.0,12151131.0,9676182.0,1044218.0,0.0,0.0,19256438.0,3615093.0,0.0,0.0,0.0,22871531.0,22871531.0,22871531.0
438,2020-06-01,Somali,6216411,7016777,0.0,3592617.0,3424160.0,0.0,0.0,0.0,1706229.0,5310548.0,0.0,0.0,0.0,2129864.0,4886913.0,0.0,0.0,7016777.0,7016777.0,7016777.0
439,2020-06-01,Tigray,5357192,6046935,1977731.0,3008118.0,1061086.0,0.0,0.0,1977731.0,3008118.0,1061086.0,0.0,0.0,1977731.0,4069204.0,0.0,0.0,0.0,6046935.0,6046935.0,6046935.0
440,2020-08-01,Addis Ababa,3585647,4047303,4047303.0,0.0,0.0,0.0,0.0,4047303.0,0.0,0.0,0.0,0.0,4047303.0,0.0,0.0,0.0,0.0,4047303.0,4047303.0,4047303.0
441,2020-08-01,Afar,1904414,2149607,0.0,1279771.0,869836.0,0.0,0.0,0.0,236362.0,1913245.0,0.0,0.0,0.0,236362.0,1913245.0,0.0,0.0,2149607.0,2149607.0,2149607.0
442,2020-08-01,Amhara,21790172,24595678,16735727.0,3612140.0,4247811.0,0.0,0.0,14147398.0,8217596.0,2230684.0,0.0,0.0,21043758.0,3551920.0,0.0,0.0,0.0,24595678.0,24595678.0,24595678.0
443,2020-08-01,Benishangul Gumz,1102849,1244839,1244839.0,0.0,0.0,0.0,0.0,1244839.0,0.0,0.0,0.0,0.0,1244839.0,0.0,0.0,0.0,0.0,1244839.0,1244839.0,1244839.0
444,2020-08-01,Dire Dawa,508918,574441,361183.0,213258.0,0.0,0.0,0.0,361183.0,213258.0,0.0,0.0,0.0,361183.0,213258.0,0.0,0.0,0.0,574441.0,574441.0,574441.0
445,2020-08-01,Gambela,462832,522421,337245.0,185176.0,0.0,0.0,0.0,337245.0,185176.0,0.0,0.0,0.0,522421.0,0.0,0.0,0.0,0.0,522421.0,522421.0,522421.0
446,2020-08-01,Harari,260022,293500,0.0,293500.0,0.0,0.0,0.0,0.0,0.0,293500.0,0.0,0.0,0.0,293500.0,0.0,0.0,0.0,293500.0,293500.0,293500.0
447,2020-08-01,Oromia,37843293,42715654,29794529.0,9117268.0,3803857.0,0.0,0.0,27272426.0,5602164.0,9841064.0,0.0,0.0,29794529.0,3803857.0,9117268.0,0.0,0.0,42715654.0,42715654.0,42715654.0
448,2020-08-01,SNNP,20262695,22871531,4937061.0,14909080.0,3025390.0,0.0,0.0,12151131.0,9676182.0,1044218.0,0.0,0.0,19256438.0,3615093.0,0.0,0.0,0.0,22871531.0,22871531.0,22871531.0
449,2020-08-01,Somali,6216411,7016777,0.0,3592617.0,3424160.0,0.0,0.0,0.0,1706229.0,5310548.0,0.0,0.0,0.0,2129864.0,4886913.0,0.0,0.0,7016777.0,7016777.0,7016777.0
450,2020-08-01,Tigray,5357192,6046935,1977731.0,3008118.0,1061086.0,0.0,0.0,1977731.0,3008118.0,1061086.0,0.0,0.0,1977731.0,4069204.0,0.0,0.0,0.0,6046935.0,6046935.0,6046935.0
